batter,total_matches,total_innings,total_runs,total_balls_faced,total_wickets,total_dot_balls,total_4s,total_6s,highest_score,batting_avg,strike_rate,boundary_percentage,dot_ball_percentage,runs_per_innings,pp_runs,pp_balls,pp_wickets,pp_sr,middle_runs,middle_balls,middle_wickets,middle_sr,death_runs,death_balls,death_wickets,death_sr,recent_runs,recent_balls,recent_wickets,recent_sr
A Ashish Reddy,21,2,254,177,15,59,15,14,6,16.93,143.5,16.38,33.33,127.0,5.0,7.0,1.0,71.43,80.0,57.0,3.0,140.35,169.0,113.0,11.0,149.56,47,30,2,156.67
A Badoni,34,2,575,470,26,173,44,20,6,22.12,122.34,13.62,36.81,287.5,18.0,38.0,3.0,47.37,264.0,234.0,9.0,112.82,293.0,198.0,14.0,147.98,48,30,1,160.0
A Chandila,2,1,4,7,1,3,0,0,1,4.0,57.14,0.0,42.86,4.0,0.0,0.0,0.0,0.0,0.0,0.0,0.0,0.0,4.0,7.0,1.0,57.14,4,7,1,57.14
A Chopra,6,2,53,75,5,45,7,0,4,10.6,70.67,9.33,60.0,26.5,27.0,41.0,2.0,65.85,26.0,34.0,3.0,76.47,0.0,0.0,0.0,0.0,18,30,3,60.0
A Choudhary,2,1,10,8,2,3,0,1,6,5.0,125.0,12.5,37.5,10.0,0.0,0.0,0.0,0.0,0.0,0.0,0.0,0.0,10.0,8.0,2.0,125.0,10,8,2,125.0
A Dananjaya,1,1,4,5,0,2,0,0,2,4.0,80.0,0.0,40.0,4.0,0.0,0.0,0.0,0.0,0.0,0.0,0.0,0.0,4.0,5.0,0.0,80.0,4,5,0,80.0
A Flintoff,3,2,62,57,2,24,5,2,6,31.0,108.77,12.28,42.11,31.0,14.0,15.0,0.0,93.33,26.0,28.0,2.0,92.86,22.0,14.0,0.0,157.14,37,30,1,123.33
A Kamboj,1,1,2,2,0,0,0,0,1,2.0,100.0,0.0,0.0,2.0,0.0,0.0,0.0,0.0,2.0,2.0,0.0,100.0,0.0,0.0,0.0,0.0,2,2,0,100.0
A Kumble,15,2,35,49,2,24,3,0,4,17.5,71.43,6.12,48.98,17.5,0.0,0.0,0.0,0.0,6.0,8.0,0.0,75.0,29.0,41.0,2.0,70.73,22,30,1,73.33
A Manohar,15,2,231,181,14,69,21,10,6,16.5,127.62,17.13,38.12,115.5,12.0,18.0,1.0,66.67,134.0,116.0,7.0,115.52,85.0,47.0,6.0,180.85,19,30,4,63.33
A Mishra,50,2,330,400,28,188,26,4,6,11.79,82.5,7.5,47.0,165.0,1.0,5.0,0.0,20.0,130.0,200.0,10.0,65.0,199.0,195.0,18.0,102.05,19,30,1,63.33
A Mithun,6,2,34,26,5,11,4,1,6,6.8,130.77,19.23,42.31,17.0,0.0,0.0,0.0,0.0,21.0,15.0,2.0,140.0,13.0,11.0,3.0,118.18,34,26,5,130.77
A Mukund,2,2,19,23,2,9,1,0,4,9.5,82.61,4.35,39.13,9.5,14.0,16.0,0.0,87.5,5.0,6.0,1.0,83.33,0.0,1.0,1.0,0.0,19,23,2,82.61
A Nehra,15,2,30,50,7,31,2,1,6,4.29,60.0,6.0,62.0,15.0,0.0,0.0,0.0,0.0,5.0,3.0,0.0,166.67,25.0,47.0,7.0,53.19,21,30,6,70.0
A Nortje,13,2,49,51,5,25,6,0,4,9.8,96.08,11.76,49.02,24.5,0.0,0.0,0.0,0.0,3.0,7.0,0.0,42.86,46.0,44.0,5.0,104.55,30,30,2,100.0
A Raghuvanshi,7,2,163,109,7,38,16,8,6,23.29,149.54,22.02,34.86,81.5,78.0,50.0,3.0,156.0,85.0,59.0,4.0,144.07,0.0,0.0,0.0,0.0,38,30,2,126.67
A Singh,5,2,2,10,4,8,0,0,1,0.5,20.0,0.0,80.0,1.0,0.0,0.0,0.0,0.0,0.0,2.0,1.0,0.0,2.0,8.0,3.0,25.0,2,10,4,20.0
A Symonds,34,2,955,763,25,302,72,41,6,38.2,125.16,14.81,39.58,477.5,72.0,86.0,1.0,83.72,662.0,538.0,15.0,123.05,221.0,139.0,9.0,158.99,20,30,1,66.67
A Tomar,1,1,4,8,1,7,1,0,4,4.0,50.0,12.5,87.5,4.0,4.0,8.0,1.0,50.0,0.0,0.0,0.0,0.0,0.0,0.0,0.0,0.0,4,8,1,50.0
A Uniyal,2,2,4,7,1,3,0,0,1,4.0,57.14,0.0,42.86,2.0,0.0,0.0,0.0,0.0,0.0,0.0,0.0,0.0,4.0,7.0,1.0,57.14,4,7,1,57.14
A Zampa,3,2,10,17,3,7,0,0,1,3.33,58.82,0.0,41.18,5.0,0.0,0.0,0.0,0.0,5.0,12.0,1.0,41.67,5.0,5.0,2.0,100.0,10,17,3,58.82
AA Bilakhia,7,2,69,88,5,43,5,0,4,13.8,78.41,5.68,48.86,34.5,23.0,33.0,1.0,69.7,12.0,27.0,2.0,44.44,34.0,28.0,2.0,121.43,17,30,3,56.67
AA Chavan,2,2,11,8,1,3,2,0,4,11.0,137.5,25.0,37.5,5.5,0.0,0.0,0.0,0.0,0.0,0.0,0.0,0.0,11.0,8.0,1.0,137.5,11,8,1,137.5
AA Jhunjhunwala,13,2,207,199,12,83,17,5,6,17.25,104.02,11.06,41.71,103.5,19.0,27.0,0.0,70.37,135.0,132.0,6.0,102.27,53.0,40.0,6.0,132.5,25,30,3,83.33
AA Kulkarni,2,1,9,8,2,5,2,0,4,4.5,112.5,25.0,62.5,9.0,9.0,8.0,2.0,112.5,0.0,0.0,0.0,0.0,0.0,0.0,0.0,0.0,9,8,2,112.5
AA Noffke,1,1,9,12,1,6,1,0,4,9.0,75.0,8.33,50.0,9.0,0.0,0.0,0.0,0.0,9.0,12.0,1.0,75.0,0.0,0.0,0.0,0.0,9,12,1,75.0
AB Agarkar,18,2,179,160,8,60,13,5,6,22.38,111.87,11.25,37.5,89.5,20.0,15.0,1.0,133.33,50.0,61.0,3.0,81.97,109.0,84.0,4.0,129.76,31,30,1,103.33
AB Barath,3,1,42,43,2,22,5,1,6,21.0,97.67,13.95,51.16,42.0,18.0,14.0,0.0,128.57,22.0,24.0,2.0,91.67,2.0,5.0,0.0,40.0,34,30,1,113.33
AB Dinda,9,2,8,26,6,19,0,0,2,1.33,30.77,0.0,73.08,4.0,0.0,0.0,0.0,0.0,1.0,5.0,2.0,20.0,7.0,21.0,4.0,33.33,8,26,6,30.77
AB McDonald,9,2,123,103,5,38,9,4,6,24.6,119.42,12.62,36.89,61.5,30.0,19.0,1.0,157.89,15.0,19.0,1.0,78.95,78.0,65.0,3.0,120.0,40,30,3,133.33
AB de Villiers,155,4,4572,3111,118,997,368,214,6,38.75,146.96,18.71,32.05,1143.0,643.0,544.0,21.0,118.2,2692.0,2007.0,65.0,134.13,1237.0,560.0,32.0,220.89,34,30,2,113.33
AC Blizzard,6,2,114,85,6,45,20,2,6,19.0,134.12,25.88,52.94,57.0,93.0,71.0,4.0,130.99,21.0,14.0,2.0,150.0,0.0,0.0,0.0,0.0,39,30,3,130.0
AC Gilchrist,73,2,2010,1486,70,696,231,91,6,28.71,135.26,21.67,46.84,1005.0,1329.0,1014.0,43.0,131.07,629.0,447.0,26.0,140.72,52.0,25.0,1.0,208.0,45,30,2,150.0
AC Voges,7,2,181,143,6,44,15,3,6,30.17,126.57,12.59,30.77,90.5,7.0,9.0,1.0,77.78,108.0,90.0,3.0,120.0,66.0,44.0,2.0,150.0,34,30,1,113.33
AD Hales,6,2,148,119,6,48,13,6,6,24.67,124.37,15.97,40.34,74.0,114.0,82.0,3.0,139.02,34.0,37.0,3.0,91.89,0.0,0.0,0.0,0.0,39,30,2,130.0
AD Mascarenhas,10,2,74,74,9,28,5,1,6,8.22,100.0,8.11,37.84,37.0,4.0,2.0,1.0,200.0,39.0,44.0,3.0,88.64,31.0,28.0,5.0,110.71,31,30,5,103.33
AD Mathews,23,2,425,348,16,131,34,15,6,26.56,122.13,14.08,37.64,212.5,9.0,13.0,0.0,69.23,171.0,180.0,6.0,95.0,245.0,155.0,10.0,158.06,33,30,2,110.0
AD Nath,6,2,70,71,6,31,6,2,6,11.67,98.59,11.27,43.66,35.0,11.0,12.0,0.0,91.67,48.0,52.0,4.0,92.31,11.0,7.0,2.0,157.14,28,30,3,93.33
AD Russell,103,3,2471,1503,83,640,171,207,6,29.77,164.4,25.15,42.58,823.67,41.0,17.0,1.0,241.18,1379.0,924.0,39.0,149.24,1051.0,562.0,43.0,187.01,47,30,3,156.67
AF Milne,4,2,16,20,3,10,0,1,6,5.33,80.0,5.0,50.0,8.0,0.0,0.0,0.0,0.0,3.0,4.0,0.0,75.0,13.0,16.0,3.0,81.25,16,20,3,80.0
AG Murtaza,1,1,2,5,0,3,0,0,1,2.0,40.0,0.0,60.0,2.0,0.0,0.0,0.0,0.0,0.0,0.0,0.0,0.0,2.0,5.0,0.0,40.0,2,5,0,40.0
AG Paunikar,5,2,49,61,5,41,9,0,4,9.8,80.33,14.75,67.21,24.5,49.0,61.0,5.0,80.33,0.0,0.0,0.0,0.0,0.0,0.0,0.0,0.0,24,30,2,80.0
AJ Finch,50,2,918,837,49,390,89,30,6,18.73,109.68,14.22,46.59,459.0,492.0,494.0,26.0,99.6,355.0,295.0,18.0,120.34,71.0,48.0,5.0,147.92,21,30,3,70.0
AJ Hosein,1,1,16,11,0,4,1,1,6,16.0,145.45,18.18,36.36,16.0,0.0,0.0,0.0,0.0,0.0,0.0,0.0,0.0,16.0,11.0,0.0,145.45,16,11,0,145.45
AJ Turner,6,2,24,31,5,17,0,2,6,4.8,77.42,6.45,54.84,12.0,0.0,0.0,0.0,0.0,20.0,16.0,1.0,125.0,4.0,15.0,4.0,26.67,24,30,5,80.0
AJ Tye,10,2,38,49,7,31,2,2,6,5.43,77.55,8.16,63.27,19.0,0.0,0.0,0.0,0.0,19.0,16.0,3.0,118.75,19.0,33.0,4.0,57.58,25,30,6,83.33
AK Markram,42,2,995,787,33,241,73,35,6,30.15,126.43,13.72,30.62,497.5,100.0,112.0,4.0,89.29,722.0,580.0,24.0,124.48,173.0,95.0,5.0,182.11,22,30,3,73.33
AL Menaria,20,2,323,294,18,121,20,14,6,17.94,109.86,11.56,41.16,161.5,2.0,4.0,0.0,50.0,242.0,225.0,10.0,107.56,79.0,65.0,8.0,121.54,31,30,3,103.33
AM Nayar,39,2,570,468,30,183,46,20,6,19.0,121.79,14.1,39.1,285.0,52.0,57.0,4.0,91.23,316.0,298.0,15.0,106.04,202.0,113.0,11.0,178.76,21,30,2,70.0
AM Rahane,135,2,3599,2997,123,1157,371,83,6,29.26,120.09,15.15,38.61,1799.5,1801.0,1558.0,54.0,115.6,1472.0,1233.0,57.0,119.38,326.0,206.0,12.0,158.25,35,30,4,116.67
AN Ahmed,6,2,36,27,1,11,4,1,6,36.0,133.33,18.52,40.74,18.0,0.0,0.0,0.0,0.0,0.0,0.0,0.0,0.0,36.0,27.0,1.0,133.33,36,27,1,133.33
AN Ghosh,2,2,7,8,2,5,1,0,4,3.5,87.5,12.5,62.5,3.5,7.0,7.0,1.0,100.0,0.0,1.0,1.0,0.0,0.0,0.0,0.0,0.0,7,8,2,87.5
AP Dole,2,2,34,23,2,7,3,1,6,17.0,147.83,17.39,30.43,17.0,0.0,0.0,0.0,0.0,2.0,3.0,0.0,66.67,32.0,20.0,2.0,160.0,34,23,2,147.83
AP Tare,25,2,331,265,22,126,39,11,6,15.05,124.91,18.87,47.55,165.5,218.0,194.0,11.0,112.37,79.0,50.0,7.0,158.0,34.0,21.0,4.0,161.9,25,30,4,83.33
AR Bawne,1,1,12,12,0,4,1,0,4,12.0,100.0,8.33,33.33,12.0,0.0,0.0,0.0,0.0,0.0,0.0,0.0,0.0,12.0,12.0,0.0,100.0,12,12,0,100.0
AR Patel,105,2,1566,1246,73,443,102,75,6,21.45,125.68,14.21,35.55,783.0,26.0,35.0,1.0,74.29,813.0,721.0,32.0,112.76,727.0,490.0,40.0,148.37,41,30,2,136.67
AS Joseph,5,2,27,32,1,16,3,0,4,27.0,84.38,9.38,50.0,13.5,0.0,0.0,0.0,0.0,11.0,10.0,0.0,110.0,16.0,22.0,1.0,72.73,23,30,1,76.67
AS Rajpoot,7,2,26,41,4,27,2,1,6,6.5,63.41,7.32,65.85,13.0,0.0,0.0,0.0,0.0,1.0,6.0,0.0,16.67,25.0,35.0,4.0,71.43,20,30,4,66.67
AS Raut,16,2,194,172,11,67,13,7,6,17.64,112.79,11.63,38.95,97.0,7.0,6.0,0.0,116.67,80.0,85.0,6.0,94.12,107.0,81.0,5.0,132.1,33,30,2,110.0
AS Roy,6,2,26,24,3,10,3,0,4,8.67,108.33,12.5,41.67,13.0,4.0,5.0,1.0,80.0,0.0,3.0,2.0,0.0,22.0,16.0,0.0,137.5,26,24,3,108.33
AS Yadav,6,2,49,40,7,18,5,2,6,7.0,122.5,17.5,45.0,24.5,0.0,0.0,0.0,0.0,10.0,10.0,1.0,100.0,39.0,30.0,6.0,130.0,39,30,6,130.0
AT Carey,3,2,32,29,2,8,0,1,6,16.0,110.34,3.45,27.59,16.0,0.0,0.0,0.0,0.0,1.0,1.0,0.0,100.0,31.0,28.0,2.0,110.71,32,29,2,110.34
AT Rayudu,173,2,4117,3264,141,1189,344,166,6,29.2,126.13,15.62,36.43,2058.5,739.0,700.0,21.0,105.57,2514.0,2042.0,78.0,123.11,864.0,522.0,42.0,165.52,44,30,4,146.67
AU Rashid,2,2,22,17,2,8,2,1,6,11.0,129.41,17.65,47.06,11.0,0.0,0.0,0.0,0.0,18.0,14.0,1.0,128.57,4.0,3.0,1.0,133.33,22,17,2,129.41
AUK Pathan,6,2,27,21,5,12,2,2,6,5.4,128.57,19.05,57.14,13.5,14.0,6.0,1.0,233.33,11.0,8.0,2.0,137.5,2.0,7.0,2.0,28.57,27,21,5,128.57
Abdul Basith,1,1,1,1,0,0,0,0,1,1.0,100.0,0.0,0.0,1.0,0.0,0.0,0.0,0.0,0.0,0.0,0.0,0.0,1.0,1.0,0.0,100.0,1,1,0,100.0
Abdul Samad,39,3,579,408,32,149,37,36,6,18.09,141.91,17.89,36.52,193.0,2.0,2.0,1.0,100.0,244.0,212.0,11.0,115.09,333.0,194.0,20.0,171.65,33,30,5,110.0
Abdur Razzak,1,1,0,2,0,2,0,0,0,0.0,0.0,0.0,100.0,0.0,0.0,0.0,0.0,0.0,0.0,0.0,0.0,0.0,0.0,2.0,0.0,0.0,0,2,0,0.0
Abhishek Sharma,61,2,1377,925,55,356,128,73,6,25.04,148.86,21.73,38.49,688.5,758.0,501.0,22.0,151.3,491.0,341.0,24.0,143.99,128.0,83.0,9.0,154.22,49,30,4,163.33
Abishek Porel,16,2,360,244,16,90,37,15,6,22.5,147.54,21.31,36.89,180.0,141.0,96.0,4.0,146.88,170.0,122.0,9.0,139.34,49.0,26.0,3.0,188.46,47,30,1,156.67
Akash Deep,3,2,19,12,2,4,2,1,6,9.5,158.33,25.0,33.33,9.5,0.0,0.0,0.0,0.0,9.0,5.0,1.0,180.0,10.0,7.0,1.0,142.86,19,12,2,158.33
Akash Madhwal,1,1,4,5,0,2,0,0,2,4.0,80.0,0.0,40.0,4.0,0.0,0.0,0.0,0.0,0.0,0.0,0.0,0.0,4.0,5.0,0.0,80.0,4,5,0,80.0
Aman Hakim Khan,10,2,115,109,9,55,8,6,6,12.78,105.5,12.84,50.46,57.5,4.0,5.0,0.0,80.0,71.0,72.0,3.0,98.61,40.0,32.0,6.0,125.0,24,30,2,80.0
Anirudh Singh,4,2,63,69,4,34,6,1,6,15.75,91.3,10.14,49.28,31.5,18.0,22.0,0.0,81.82,36.0,38.0,3.0,94.74,9.0,9.0,1.0,100.0,31,30,1,103.33
Ankit Sharma,8,2,59,50,6,24,5,3,6,9.83,118.0,16.0,48.0,29.5,27.0,23.0,0.0,117.39,21.0,12.0,2.0,175.0,11.0,15.0,4.0,73.33,40,30,3,133.33
Anmolpreet Singh,9,2,139,117,9,55,19,3,6,15.44,118.8,18.8,47.01,69.5,116.0,93.0,6.0,124.73,23.0,24.0,3.0,95.83,0.0,0.0,0.0,0.0,36,30,4,120.0
Anuj Rawat,21,2,318,276,14,123,26,14,6,22.71,115.22,14.49,44.57,159.0,83.0,91.0,7.0,91.21,108.0,116.0,5.0,93.1,127.0,69.0,2.0,184.06,35,30,1,116.67
Anureet Singh,8,2,36,47,4,22,2,1,6,9.0,76.6,6.38,46.81,18.0,0.0,0.0,0.0,0.0,7.0,12.0,1.0,58.33,29.0,35.0,3.0,82.86,29,30,4,96.67
Arjun Tendulkar,1,1,13,9,1,2,0,1,6,13.0,144.44,11.11,22.22,13.0,0.0,0.0,0.0,0.0,0.0,0.0,0.0,0.0,13.0,9.0,1.0,144.44,13,9,1,144.44
Arshad Khan,6,2,96,67,4,24,5,6,6,24.0,143.28,16.42,35.82,48.0,0.0,0.0,0.0,0.0,34.0,29.0,1.0,117.24,62.0,38.0,3.0,163.16,50,30,2,166.67
Arshad Khan (2),1,1,5,4,1,2,1,0,4,5.0,125.0,25.0,50.0,5.0,0.0,0.0,0.0,0.0,0.0,0.0,0.0,0.0,5.0,4.0,1.0,125.0,5,4,1,125.0
Arshdeep Singh,11,2,29,42,5,29,4,0,4,5.8,69.05,9.52,69.05,14.5,0.0,0.0,0.0,0.0,4.0,6.0,0.0,66.67,25.0,36.0,5.0,69.44,17,30,3,56.67
Ashutosh Sharma,9,2,189,118,8,43,10,15,6,23.62,160.17,21.19,36.44,94.5,0.0,0.0,0.0,0.0,77.0,55.0,3.0,140.0,112.0,63.0,5.0,177.78,30,30,3,100.0
Atharva Taide,9,2,247,177,8,67,27,8,6,30.88,139.55,19.77,37.85,123.5,144.0,101.0,4.0,142.57,103.0,76.0,4.0,135.53,0.0,0.0,0.0,0.0,47,30,2,156.67
Avesh Khan,9,2,41,25,1,10,3,3,6,41.0,164.0,24.0,40.0,20.5,0.0,0.0,0.0,0.0,12.0,4.0,1.0,300.0,29.0,21.0,0.0,138.1,41,25,1,164.0
Azhar Mahmood,20,2,388,307,18,120,39,13,6,21.56,126.38,16.94,39.09,194.0,22.0,20.0,0.0,110.0,270.0,223.0,8.0,121.08,96.0,64.0,10.0,150.0,53,30,2,176.67
Azmatullah Omarzai,4,2,42,34,4,11,2,2,6,10.5,123.53,11.76,32.35,21.0,0.0,0.0,0.0,0.0,42.0,34.0,4.0,123.53,0.0,0.0,0.0,0.0,40,30,4,133.33
B Akhil,10,2,63,48,6,23,5,4,6,10.5,131.25,18.75,47.92,31.5,0.0,0.0,0.0,0.0,14.0,16.0,3.0,87.5,49.0,32.0,3.0,153.12,50,30,4,166.67
B Chipli,17,2,237,209,14,86,24,6,6,16.93,113.4,14.35,41.15,118.5,37.0,54.0,5.0,68.52,139.0,123.0,8.0,113.01,61.0,32.0,1.0,190.62,34,30,3,113.33
B Indrajith,3,2,21,31,3,18,2,0,4,7.0,67.74,6.45,58.06,10.5,19.0,28.0,2.0,67.86,2.0,3.0,1.0,66.67,0.0,0.0,0.0,0.0,20,30,3,66.67
B Kumar,44,2,191,212,21,97,20,1,6,9.1,90.09,9.91,45.75,95.5,0.0,0.0,0.0,0.0,36.0,49.0,2.0,73.47,155.0,163.0,19.0,95.09,23,30,3,76.67
B Laughlin,4,2,5,13,2,8,0,0,1,2.5,38.46,0.0,61.54,2.5,0.0,0.0,0.0,0.0,4.0,8.0,0.0,50.0,1.0,5.0,2.0,20.0,5,13,2,38.46
B Lee,17,2,122,97,8,43,8,8,6,15.25,125.77,16.49,44.33,61.0,0.0,0.0,0.0,0.0,20.0,22.0,2.0,90.91,102.0,75.0,6.0,136.0,55,30,3,183.33
B Sai Sudharsan,25,2,1034,770,21,244,95,32,6,49.24,134.29,16.49,31.69,517.0,272.0,250.0,3.0,108.8,645.0,464.0,12.0,139.01,117.0,56.0,6.0,208.93,78,30,1,260.0
B Stanlake,1,1,5,2,0,0,1,0,4,5.0,250.0,50.0,0.0,5.0,0.0,0.0,0.0,0.0,0.0,0.0,0.0,0.0,5.0,2.0,0.0,250.0,5,2,0,250.0
B Sumanth,4,2,35,38,1,15,3,0,4,35.0,92.11,7.89,39.47,17.5,0.0,0.0,0.0,0.0,12.0,17.0,0.0,70.59,23.0,21.0,1.0,109.52,23,30,1,76.67
BA Bhatt,2,2,6,7,0,6,0,1,6,6.0,85.71,14.29,85.71,3.0,0.0,0.0,0.0,0.0,0.0,0.0,0.0,0.0,6.0,7.0,0.0,85.71,6,7,0,85.71
BA Stokes,32,2,619,491,30,183,59,17,6,20.63,126.07,15.48,37.27,309.5,213.0,163.0,9.0,130.67,314.0,265.0,14.0,118.49,92.0,63.0,7.0,146.03,33,30,4,110.0
BAW Mendis,2,2,1,2,1,1,0,0,1,1.0,50.0,0.0,50.0,0.5,0.0,0.0,0.0,0.0,0.0,1.0,1.0,0.0,1.0,1.0,0.0,100.0,1,2,1,50.0
BB McCullum,67,3,1768,1393,64,639,181,79,6,27.62,126.92,18.66,45.87,589.33,878.0,741.0,39.0,118.49,745.0,581.0,21.0,128.23,145.0,71.0,4.0,204.23,42,30,3,140.0
BB Samantray,6,2,86,77,4,31,10,1,6,21.5,111.69,14.29,40.26,43.0,8.0,13.0,0.0,61.54,49.0,41.0,1.0,119.51,29.0,23.0,3.0,126.09,44,30,2,146.67
BB Sran,6,2,9,13,1,5,0,0,2,9.0,69.23,0.0,38.46,4.5,0.0,0.0,0.0,0.0,1.0,1.0,0.0,100.0,8.0,12.0,1.0,66.67,9,13,1,69.23
BCJ Cutting,16,2,230,139,10,55,14,19,6,23.0,165.47,23.74,39.57,115.0,0.0,0.0,0.0,0.0,22.0,25.0,1.0,88.0,208.0,114.0,9.0,182.46,52,30,3,173.33
BE Hendricks,2,1,1,3,1,2,0,0,1,1.0,33.33,0.0,66.67,1.0,0.0,0.0,0.0,0.0,0.0,0.0,0.0,0.0,1.0,3.0,1.0,33.33,1,3,1,33.33
BJ Haddin,1,1,18,11,1,5,2,1,6,18.0,163.64,27.27,45.45,18.0,18.0,11.0,1.0,163.64,0.0,0.0,0.0,0.0,0.0,0.0,0.0,0.0,18,11,1,163.64
BJ Hodge,46,2,1075,868,33,322,93,34,6,32.58,123.85,14.63,37.1,537.5,108.0,134.0,6.0,80.6,577.0,493.0,12.0,117.04,390.0,241.0,15.0,161.83,59,30,1,196.67
BJ Rohrer,6,3,173,123,5,45,19,5,6,34.6,140.65,19.51,36.59,57.67,0.0,1.0,1.0,0.0,100.0,91.0,3.0,109.89,73.0,31.0,1.0,235.48,49,30,2,163.33
BMAJ Mendis,3,2,23,27,3,8,0,0,2,7.67,85.19,0.0,29.63,11.5,1.0,2.0,0.0,50.0,22.0,25.0,3.0,88.0,0.0,0.0,0.0,0.0,23,27,3,85.19
BR Dunk,3,2,40,36,3,20,7,0,4,13.33,111.11,19.44,55.56,20.0,40.0,36.0,3.0,111.11,0.0,0.0,0.0,0.0,0.0,0.0,0.0,0.0,35,30,3,116.67
BR Sharath,1,1,2,5,1,3,0,0,1,2.0,40.0,0.0,60.0,2.0,0.0,0.0,0.0,0.0,2.0,5.0,1.0,40.0,0.0,0.0,0.0,0.0,2,5,1,40.0
Basil Thampi,2,1,4,7,1,3,0,0,1,4.0,57.14,0.0,42.86,4.0,0.0,0.0,0.0,0.0,3.0,6.0,1.0,50.0,1.0,1.0,0.0,100.0,4,7,1,57.14
Bipul Sharma,13,2,112,82,5,23,8,4,6,22.4,136.59,14.63,28.05,56.0,0.0,0.0,0.0,0.0,33.0,23.0,2.0,143.48,79.0,59.0,3.0,133.9,48,30,2,160.0
C Green,28,2,707,472,20,144,62,32,6,35.35,149.79,19.92,30.51,353.5,196.0,124.0,4.0,158.06,359.0,262.0,12.0,137.02,152.0,86.0,4.0,176.74,47,30,1,156.67
C Madan,1,1,15,21,1,15,3,0,4,15.0,71.43,14.29,71.43,15.0,15.0,21.0,1.0,71.43,0.0,0.0,0.0,0.0,0.0,0.0,0.0,0.0,15,21,1,71.43
C Munro,11,2,177,144,9,68,19,8,6,19.67,122.92,18.75,47.22,88.5,131.0,92.0,4.0,142.39,42.0,46.0,5.0,91.3,4.0,6.0,0.0,66.67,38,30,2,126.67
C Nanda,1,1,0,1,1,1,0,0,0,0.0,0.0,0.0,100.0,0.0,0.0,0.0,0.0,0.0,0.0,0.0,0.0,0.0,0.0,1.0,1.0,0.0,0,1,1,0.0
C Sakariya,7,2,20,31,5,21,3,0,4,4.0,64.52,9.68,67.74,10.0,0.0,0.0,0.0,0.0,1.0,5.0,0.0,20.0,19.0,26.0,5.0,73.08,20,30,4,66.67
C de Grandhomme,20,2,267,210,14,84,15,16,6,19.07,127.14,14.76,40.0,133.5,1.0,2.0,1.0,50.0,130.0,107.0,7.0,121.5,136.0,101.0,6.0,134.65,38,30,1,126.67
CA Ingram,14,2,192,171,12,75,21,5,6,16.0,112.28,15.2,43.86,96.0,14.0,18.0,1.0,77.78,125.0,118.0,7.0,105.93,53.0,35.0,4.0,151.43,19,30,3,63.33
CA Lynn,41,2,1236,928,39,402,126,58,6,31.69,133.19,19.83,43.32,618.0,752.0,538.0,17.0,139.78,454.0,366.0,20.0,124.04,30.0,24.0,2.0,125.0,49,30,2,163.33
CA Pujara,22,2,390,403,18,200,50,4,6,21.67,96.77,13.4,49.63,195.0,215.0,236.0,10.0,91.1,135.0,137.0,4.0,98.54,40.0,30.0,4.0,133.33,22,30,2,73.33
CH Gayle,130,5,4460,3219,118,1509,369,310,6,37.8,138.55,21.09,46.88,892.0,2129.0,1680.0,61.0,126.73,1947.0,1342.0,45.0,145.08,384.0,197.0,12.0,194.92,28,30,3,93.33
CH Morris,45,2,455,344,29,119,29,22,6,15.69,132.27,14.83,34.59,227.5,17.0,7.0,0.0,242.86,100.0,110.0,11.0,90.91,338.0,227.0,18.0,148.9,29,30,5,96.67
CJ Anderson,25,2,509,405,20,183,39,29,6,25.45,125.68,16.79,45.19,254.5,52.0,64.0,4.0,81.25,331.0,274.0,11.0,120.8,126.0,67.0,5.0,188.06,20,30,4,66.67
CJ Jordan,12,2,81,81,9,38,3,3,6,9.0,100.0,7.41,46.91,40.5,0.0,0.0,0.0,0.0,12.0,22.0,0.0,54.55,69.0,59.0,9.0,116.95,32,30,5,106.67
CJ McKay,1,1,8,15,1,8,0,0,2,8.0,53.33,0.0,53.33,8.0,0.0,0.0,0.0,0.0,8.0,15.0,1.0,53.33,0.0,0.0,0.0,0.0,8,15,1,53.33
CK Kapugedera,3,2,16,24,3,10,0,0,2,5.33,66.67,0.0,41.67,8.0,0.0,0.0,0.0,0.0,3.0,6.0,1.0,50.0,13.0,18.0,2.0,72.22,16,24,3,66.67
CK Langeveldt,2,1,8,9,2,6,0,1,6,4.0,88.89,11.11,66.67,8.0,0.0,0.0,0.0,0.0,7.0,6.0,0.0,116.67,1.0,3.0,2.0,33.33,8,9,2,88.89
CL White,40,3,778,630,30,224,64,28,6,25.93,123.49,14.6,35.56,259.33,87.0,101.0,6.0,86.14,445.0,392.0,18.0,113.52,246.0,137.0,6.0,179.56,31,30,2,103.33
CM Gautam,12,2,139,132,8,74,15,5,6,17.38,105.3,15.15,56.06,69.5,68.0,64.0,5.0,106.25,27.0,34.0,2.0,79.41,44.0,34.0,1.0,129.41,22,30,5,73.33
CR Brathwaite,12,2,150,101,12,44,8,13,6,12.5,148.51,20.79,43.56,75.0,0.0,0.0,0.0,0.0,15.0,27.0,3.0,55.56,135.0,74.0,9.0,182.43,46,30,5,153.33
CR Woakes,11,2,77,74,5,31,7,2,6,15.4,104.05,12.16,41.89,38.5,0.0,0.0,0.0,0.0,26.0,30.0,0.0,86.67,51.0,44.0,5.0,115.91,32,30,2,106.67
CRD Fernando,2,1,4,3,1,0,0,0,2,4.0,133.33,0.0,0.0,4.0,0.0,0.0,0.0,0.0,0.0,0.0,0.0,0.0,4.0,3.0,1.0,133.33,4,3,1,133.33
CV Varun,10,2,25,49,2,31,2,0,4,12.5,51.02,4.08,63.27,12.5,0.0,0.0,0.0,0.0,1.0,10.0,0.0,10.0,24.0,39.0,2.0,61.54,13,30,0,43.33
D Brevis,10,2,230,176,10,83,17,16,6,23.0,130.68,18.75,47.16,115.0,81.0,69.0,3.0,117.39,149.0,107.0,7.0,139.25,0.0,0.0,0.0,0.0,27,30,3,90.0
D Ferreira,2,2,8,11,2,5,0,0,2,4.0,72.73,0.0,45.45,4.0,0.0,0.0,0.0,0.0,5.0,6.0,0.0,83.33,3.0,5.0,2.0,60.0,8,11,2,72.73
D Kalyankrishna,1,1,3,8,1,5,0,0,1,3.0,37.5,0.0,62.5,3.0,0.0,0.0,0.0,0.0,0.0,0.0,0.0,0.0,3.0,8.0,1.0,37.5,3,8,1,37.5
D Padikkal,64,2,1559,1323,63,564,170,42,6,24.75,117.84,16.02,42.63,779.5,761.0,647.0,25.0,117.62,721.0,619.0,29.0,116.48,77.0,57.0,9.0,135.09,16,30,3,53.33
D Pretorius,5,2,44,28,4,10,3,3,6,11.0,157.14,21.43,35.71,22.0,0.0,0.0,0.0,0.0,10.0,6.0,1.0,166.67,34.0,22.0,3.0,154.55,44,28,4,157.14
D Salunkhe,3,2,33,24,1,8,5,0,4,33.0,137.5,20.83,33.33,16.5,0.0,0.0,0.0,0.0,8.0,7.0,0.0,114.29,25.0,17.0,1.0,147.06,33,24,1,137.5
D Wiese,10,2,137,96,5,30,10,7,6,27.4,142.71,17.71,31.25,68.5,0.0,0.0,0.0,0.0,39.0,33.0,0.0,118.18,98.0,63.0,5.0,155.56,43,30,3,143.33
D du Preez,1,1,10,13,1,5,0,0,2,10.0,76.92,0.0,38.46,10.0,0.0,0.0,0.0,0.0,7.0,8.0,0.0,87.5,3.0,5.0,1.0,60.0,10,13,1,76.92
DA Miller,117,3,2754,2053,80,693,197,126,6,34.42,134.15,15.73,33.76,918.0,98.0,115.0,8.0,85.22,1726.0,1397.0,40.0,123.55,930.0,541.0,32.0,171.9,42,30,2,140.0
DA Warner,169,4,6003,4436,154,1719,607,216,6,38.98,135.32,18.55,38.75,1500.75,3045.0,2281.0,67.0,133.49,2599.0,1945.0,70.0,133.62,359.0,210.0,17.0,170.95,27,30,5,90.0
DAJ Bracewell,1,1,12,9,0,1,1,0,4,12.0,133.33,11.11,11.11,12.0,0.0,0.0,0.0,0.0,0.0,0.0,0.0,0.0,12.0,9.0,0.0,133.33,12,9,0,133.33
DB Das,20,2,281,242,12,112,22,15,6,23.42,116.12,15.29,46.28,140.5,58.0,55.0,4.0,105.45,139.0,125.0,3.0,111.2,84.0,62.0,5.0,135.48,39,30,2,130.0
DB Ravi Teja,22,2,333,288,19,113,30,9,6,17.53,115.62,13.54,39.24,166.5,28.0,38.0,2.0,73.68,195.0,168.0,4.0,116.07,110.0,82.0,13.0,134.15,45,30,4,150.0
DE Bollinger,4,2,21,23,1,11,1,1,6,21.0,91.3,8.7,47.83,10.5,0.0,0.0,0.0,0.0,0.0,0.0,0.0,0.0,21.0,23.0,1.0,91.3,21,23,1,91.3
DG Nalkande,2,1,12,12,2,5,0,1,6,6.0,100.0,8.33,41.67,12.0,0.0,0.0,0.0,0.0,12.0,11.0,1.0,109.09,0.0,1.0,1.0,0.0,12,12,2,100.0
DH Yagnik,16,2,158,134,8,59,21,2,6,19.75,117.91,17.16,44.03,79.0,0.0,0.0,0.0,0.0,66.0,63.0,5.0,104.76,92.0,71.0,3.0,129.58,37,30,2,123.33
DJ Bravo,95,2,1443,1144,59,455,108,64,6,24.46,126.14,15.03,39.77,721.5,123.0,116.0,5.0,106.03,593.0,632.0,24.0,93.83,727.0,396.0,30.0,183.59,27,30,3,90.0
DJ Harris,4,2,111,103,3,52,11,5,6,37.0,107.77,15.53,50.49,55.5,57.0,66.0,2.0,86.36,54.0,37.0,1.0,145.95,0.0,0.0,0.0,0.0,36,30,2,120.0
DJ Hooda,91,3,1410,1125,73,383,92,58,6,19.32,125.33,13.33,34.04,470.0,160.0,155.0,7.0,103.23,959.0,759.0,43.0,126.35,291.0,211.0,23.0,137.91,32,30,4,106.67
DJ Hussey,57,2,1271,1051,47,404,87,58,6,27.04,120.93,13.8,38.44,635.5,134.0,119.0,4.0,112.61,877.0,780.0,30.0,112.44,260.0,152.0,13.0,171.05,40,30,1,133.33
DJ Jacobs,6,2,80,79,6,48,9,4,6,13.33,101.27,16.46,60.76,40.0,80.0,79.0,6.0,101.27,0.0,0.0,0.0,0.0,0.0,0.0,0.0,0.0,21,30,3,70.0
DJ Malan,1,1,26,26,1,10,1,1,6,26.0,100.0,7.69,38.46,26.0,1.0,2.0,0.0,50.0,25.0,24.0,1.0,104.17,0.0,0.0,0.0,0.0,26,26,1,100.0
DJ Mitchell,15,2,351,274,13,82,28,10,6,27.0,128.1,13.87,29.93,175.5,97.0,80.0,2.0,121.25,216.0,163.0,9.0,132.52,38.0,31.0,2.0,122.58,41,30,3,136.67
DJ Muthuswami,1,1,1,3,1,2,0,0,1,1.0,33.33,0.0,66.67,1.0,0.0,0.0,0.0,0.0,0.0,0.0,0.0,0.0,1.0,3.0,1.0,33.33,1,3,1,33.33
DJ Thornely,4,2,39,54,3,31,2,2,6,13.0,72.22,7.41,57.41,19.5,4.0,21.0,1.0,19.05,35.0,33.0,2.0,106.06,0.0,0.0,0.0,0.0,23,30,2,76.67
DJ Willey,5,2,53,64,3,36,7,0,4,17.67,82.81,10.94,56.25,26.5,6.0,12.0,0.0,50.0,26.0,35.0,3.0,74.29,21.0,17.0,0.0,123.53,34,30,0,113.33
DJG Sammy,20,2,295,251,15,108,15,18,6,19.67,117.53,13.15,43.03,147.5,8.0,6.0,0.0,133.33,175.0,169.0,6.0,103.55,112.0,76.0,9.0,147.37,25,30,3,83.33
DJM Short,7,2,115,102,7,48,11,5,6,16.43,112.75,15.69,47.06,57.5,50.0,63.0,4.0,79.37,65.0,39.0,3.0,166.67,0.0,0.0,0.0,0.0,44,30,3,146.67
DL Chahar,11,2,66,55,6,22,2,4,6,11.0,120.0,10.91,40.0,33.0,0.0,0.0,0.0,0.0,49.0,32.0,3.0,153.12,17.0,23.0,3.0,73.91,25,30,4,83.33
DL Vettori,16,2,121,118,7,46,11,2,6,17.29,102.54,11.02,38.98,60.5,0.0,0.0,0.0,0.0,60.0,65.0,5.0,92.31,61.0,53.0,2.0,115.09,32,30,4,106.67
DNT Zoysa,2,2,11,9,1,3,1,0,4,11.0,122.22,11.11,33.33,5.5,0.0,0.0,0.0,0.0,1.0,1.0,0.0,100.0,10.0,8.0,1.0,125.0,11,9,1,122.22
DP Conway,22,2,924,669,20,237,100,30,6,46.2,138.12,19.43,35.43,462.0,392.0,312.0,7.0,125.64,468.0,315.0,10.0,148.57,64.0,42.0,3.0,152.38,48,30,2,160.0
DP Nannes,2,1,4,13,1,9,0,0,1,4.0,30.77,0.0,69.23,4.0,0.0,0.0,0.0,0.0,3.0,8.0,0.0,37.5,1.0,5.0,1.0,20.0,4,13,1,30.77
DP Vijaykumar,1,1,1,1,0,0,0,0,1,1.0,100.0,0.0,0.0,1.0,0.0,0.0,0.0,0.0,0.0,0.0,0.0,0.0,1.0,1.0,0.0,100.0,1,1,0,100.0
DPMD Jayawardene,61,3,1458,1196,49,468,156,35,6,29.76,121.91,15.97,39.13,486.0,434.0,361.0,14.0,120.22,745.0,672.0,25.0,110.86,279.0,163.0,10.0,171.17,34,30,1,113.33
DR Martyn,1,1,19,26,2,10,1,0,4,9.5,73.08,3.85,38.46,19.0,1.0,3.0,0.0,33.33,14.0,20.0,1.0,70.0,4.0,3.0,1.0,133.33,19,26,2,73.08
DR Sams,13,2,44,48,10,26,1,3,6,4.4,91.67,8.33,54.17,22.0,1.0,7.0,1.0,14.29,19.0,21.0,5.0,90.48,24.0,20.0,4.0,120.0,25,30,6,83.33
DR Shorey,2,1,13,20,2,12,0,1,6,6.5,65.0,5.0,60.0,13.0,0.0,0.0,0.0,0.0,13.0,20.0,2.0,65.0,0.0,0.0,0.0,0.0,13,20,2,65.0
DR Smith,64,2,1822,1418,59,674,178,93,6,30.88,128.49,19.11,47.53,911.0,911.0,779.0,17.0,116.94,806.0,569.0,33.0,141.65,105.0,70.0,9.0,150.0,42,30,1,140.0
DS Kulkarni,14,2,76,95,6,45,4,2,6,12.67,80.0,6.32,47.37,38.0,0.0,0.0,0.0,0.0,5.0,14.0,1.0,35.71,71.0,81.0,5.0,87.65,24,30,2,80.0
DS Lehmann,2,2,18,19,2,10,3,0,4,9.0,94.74,15.79,52.63,9.0,4.0,3.0,0.0,133.33,14.0,16.0,2.0,87.5,0.0,0.0,0.0,0.0,18,19,2,94.74
DT Christian,29,2,348,321,20,113,16,14,6,17.4,108.41,9.35,35.2,174.0,3.0,8.0,1.0,37.5,181.0,191.0,6.0,94.76,164.0,122.0,13.0,134.43,20,30,4,66.67
DT Patil,2,2,13,13,1,5,1,0,4,13.0,100.0,7.69,38.46,6.5,0.0,0.0,0.0,0.0,13.0,13.0,1.0,100.0,0.0,0.0,0.0,0.0,13,13,1,100.0
DW Steyn,30,2,151,154,20,70,12,3,6,7.55,98.05,9.74,45.45,75.5,0.0,0.0,0.0,0.0,9.0,23.0,2.0,39.13,142.0,131.0,18.0,108.4,35,30,4,116.67
Dhruv Jurel,22,2,347,237,13,74,29,16,6,26.69,146.41,18.99,31.22,173.5,0.0,3.0,0.0,0.0,136.0,106.0,4.0,128.3,211.0,128.0,9.0,164.84,50,30,0,166.67
E Lewis,26,2,654,499,24,234,62,36,6,27.25,131.06,19.64,46.89,327.0,420.0,298.0,13.0,140.94,210.0,183.0,10.0,114.75,24.0,18.0,1.0,133.33,24,30,2,80.0
EJG Morgan,69,3,1311,1096,57,474,101,62,6,23.0,119.62,14.87,43.25,437.0,157.0,178.0,6.0,88.2,765.0,676.0,31.0,113.17,389.0,242.0,20.0,160.74,22,30,2,73.33
F Behardien,2,1,9,8,1,2,1,0,4,9.0,112.5,12.5,25.0,9.0,0.0,0.0,0.0,0.0,0.0,1.0,1.0,0.0,9.0,7.0,0.0,128.57,9,8,1,112.5
F du Plessis,129,2,4256,3177,116,1113,395,153,6,36.69,133.96,17.25,35.03,2128.0,1997.0,1478.0,47.0,135.12,1857.0,1488.0,49.0,124.8,402.0,211.0,20.0,190.52,49,30,1,163.33
FA Allen,3,2,14,19,2,9,1,0,4,7.0,73.68,5.26,47.37,7.0,0.0,0.0,0.0,0.0,10.0,12.0,0.0,83.33,4.0,7.0,2.0,57.14,14,19,2,73.68
FH Edwards,2,1,4,5,1,3,0,0,3,4.0,80.0,0.0,60.0,4.0,0.0,0.0,0.0,0.0,0.0,0.0,0.0,0.0,4.0,5.0,1.0,80.0,4,5,1,80.0
FY Fazal,10,2,167,164,8,65,19,1,6,20.88,101.83,12.2,39.63,83.5,60.0,67.0,2.0,89.55,71.0,67.0,3.0,105.97,36.0,30.0,3.0,120.0,25,30,2,83.33
Fazalhaq Farooqi,2,1,3,13,0,10,0,0,1,3.0,23.08,0.0,76.92,3.0,0.0,0.0,0.0,0.0,0.0,0.0,0.0,0.0,3.0,13.0,0.0,23.08,3,13,0,23.08
G Coetzee,5,2,14,22,4,13,0,1,6,3.5,63.64,4.55,59.09,7.0,0.0,0.0,0.0,0.0,5.0,7.0,0.0,71.43,9.0,15.0,4.0,60.0,14,22,4,63.64
G Gambhir,136,2,3813,3187,122,1232,447,54,6,31.25,119.64,15.72,38.66,1906.5,2056.0,1760.0,59.0,116.82,1590.0,1309.0,49.0,121.47,167.0,118.0,14.0,141.53,13,30,3,43.33
GB Hogg,4,1,22,22,2,5,1,0,4,11.0,100.0,4.55,22.73,22.0,0.0,0.0,0.0,0.0,0.0,0.0,0.0,0.0,22.0,22.0,2.0,100.0,22,22,2,100.0
GC Smith,25,2,697,637,26,286,88,9,6,26.81,109.42,15.23,44.9,348.5,335.0,350.0,13.0,95.71,326.0,263.0,12.0,123.95,36.0,24.0,1.0,150.0,31,30,2,103.33
GC Viljoen,3,2,3,7,2,5,0,0,2,1.5,42.86,0.0,71.43,1.5,0.0,0.0,0.0,0.0,0.0,0.0,0.0,0.0,3.0,7.0,2.0,42.86,3,7,2,42.86
GD McGrath,2,1,4,5,1,4,1,0,4,4.0,80.0,20.0,80.0,4.0,0.0,0.0,0.0,0.0,4.0,3.0,0.0,133.33,0.0,2.0,1.0,0.0,4,5,1,80.0
GD Phillips,8,2,65,55,7,32,3,6,6,9.29,118.18,16.36,58.18,32.5,0.0,7.0,0.0,0.0,20.0,27.0,4.0,74.07,45.0,21.0,3.0,214.29,47,30,6,156.67
GH Vihari,21,2,272,310,18,132,22,1,6,15.11,87.74,7.42,42.58,136.0,58.0,83.0,3.0,69.88,166.0,181.0,7.0,91.71,48.0,46.0,8.0,104.35,23,30,5,76.67
GHS Garton,2,2,2,4,1,2,0,0,1,2.0,50.0,0.0,50.0,1.0,0.0,0.0,0.0,0.0,0.0,0.0,0.0,0.0,2.0,4.0,1.0,50.0,2,4,1,50.0
GJ Bailey,31,2,579,453,25,152,50,17,6,23.16,127.81,14.79,33.55,289.5,100.0,86.0,3.0,116.28,192.0,211.0,14.0,91.0,287.0,156.0,8.0,183.97,32,30,4,106.67
GJ Maxwell,120,3,2630,1760,107,677,225,148,6,24.58,149.43,21.19,38.47,876.67,433.0,314.0,19.0,137.9,1822.0,1230.0,67.0,148.13,375.0,216.0,21.0,173.61,38,30,7,126.67
GR Napier,1,1,15,16,1,7,1,0,4,15.0,93.75,6.25,43.75,15.0,0.0,0.0,0.0,0.0,15.0,16.0,1.0,93.75,0.0,0.0,0.0,0.0,15,16,1,93.75
Gulbadin Naib,1,1,19,15,1,4,1,1,6,19.0,126.67,13.33,26.67,19.0,0.0,0.0,0.0,0.0,11.0,7.0,0.0,157.14,8.0,8.0,1.0,100.0,19,15,1,126.67
Gurkeerat Singh,30,2,460,403,25,161,52,8,6,18.4,114.14,14.89,39.95,230.0,35.0,39.0,1.0,89.74,248.0,241.0,11.0,102.9,177.0,123.0,13.0,143.9,27,30,0,90.0
H Das,1,1,2,5,1,3,0,0,1,2.0,40.0,0.0,60.0,2.0,0.0,0.0,0.0,0.0,0.0,0.0,0.0,0.0,2.0,5.0,1.0,40.0,2,5,1,40.0
H Klaasen,32,2,993,613,26,167,56,64,6,38.19,161.99,19.58,27.24,496.5,62.0,40.0,3.0,155.0,625.0,412.0,11.0,151.7,306.0,161.0,12.0,190.06,37,30,2,123.33
HC Brook,11,2,190,159,9,70,23,4,6,21.11,119.5,16.98,44.03,95.0,96.0,87.0,4.0,110.34,65.0,50.0,4.0,130.0,29.0,22.0,1.0,131.82,28,30,4,93.33
HE van der Dussen,3,2,22,25,2,12,2,0,4,11.0,88.0,8.0,48.0,11.0,0.0,0.0,0.0,0.0,10.0,15.0,2.0,66.67,12.0,10.0,0.0,120.0,22,25,2,88.0
HF Gurney,1,1,1,5,0,4,0,0,1,1.0,20.0,0.0,80.0,1.0,0.0,0.0,0.0,0.0,0.0,0.0,0.0,0.0,1.0,5.0,0.0,20.0,1,5,0,20.0
HH Gibbs,36,2,886,837,32,410,83,31,6,27.69,105.85,13.62,48.98,443.0,447.0,437.0,16.0,102.29,378.0,364.0,16.0,103.85,61.0,36.0,0.0,169.44,15,30,2,50.0
HH Pandya,119,5,2434,1730,81,617,181,131,6,30.05,140.69,18.03,35.66,486.8,158.0,163.0,5.0,96.93,1214.0,957.0,38.0,126.85,1062.0,610.0,38.0,174.1,33,30,5,110.0
HM Amla,12,2,350,260,9,96,37,12,6,38.89,134.62,18.85,36.92,175.0,156.0,129.0,6.0,120.93,147.0,103.0,2.0,142.72,47.0,28.0,1.0,167.86,31,30,1,103.33
HR Shokeen,5,2,66,67,3,33,9,0,4,22.0,98.51,13.43,49.25,33.0,1.0,5.0,0.0,20.0,47.0,45.0,2.0,104.44,18.0,17.0,1.0,105.88,33,30,2,110.0
HV Patel,36,2,243,212,26,98,16,14,6,9.35,114.62,14.15,46.23,121.5,0.0,0.0,0.0,0.0,86.0,95.0,7.0,90.53,157.0,117.0,19.0,134.19,22,30,7,73.33
Harbhajan Singh,79,2,741,561,50,249,68,39,6,14.82,132.09,19.07,44.39,370.5,62.0,54.0,3.0,114.81,170.0,163.0,11.0,104.29,509.0,344.0,36.0,147.97,21,30,2,70.0
Harmeet Singh,4,2,18,12,2,5,3,0,4,9.0,150.0,25.0,41.67,9.0,0.0,0.0,0.0,0.0,0.0,0.0,0.0,0.0,18.0,12.0,2.0,150.0,18,12,2,150.0
Harpreet Brar,24,2,233,201,12,85,19,9,6,19.42,115.92,13.93,42.29,116.5,0.0,0.0,0.0,0.0,59.0,63.0,3.0,93.65,174.0,138.0,9.0,126.09,50,30,2,166.67
Harpreet Singh,5,2,103,93,4,41,10,3,6,25.75,110.75,13.98,44.09,51.5,30.0,29.0,0.0,103.45,58.0,48.0,2.0,120.83,15.0,16.0,2.0,93.75,22,30,2,73.33
Harshit Rana,3,2,2,3,2,2,0,0,2,1.0,66.67,0.0,66.67,1.0,0.0,0.0,0.0,0.0,2.0,1.0,1.0,200.0,0.0,2.0,1.0,0.0,2,3,2,66.67
I Malhotra,1,1,7,4,0,0,1,0,4,7.0,175.0,25.0,0.0,7.0,0.0,0.0,0.0,0.0,0.0,0.0,0.0,0.0,7.0,4.0,0.0,175.0,7,4,0,175.0
I Sharma,20,2,56,66,6,35,4,2,6,9.33,84.85,9.09,53.03,28.0,0.0,0.0,0.0,0.0,12.0,11.0,1.0,109.09,44.0,55.0,5.0,80.0,24,30,3,80.0
I Udana,4,2,15,11,3,4,1,1,6,5.0,136.36,18.18,36.36,7.5,0.0,0.0,0.0,0.0,0.0,0.0,0.0,0.0,15.0,11.0,3.0,136.36,15,11,3,136.36
IK Pathan,72,3,1062,899,47,346,83,36,6,22.6,118.13,13.24,38.49,354.0,92.0,69.0,3.0,133.33,434.0,472.0,21.0,91.95,536.0,358.0,23.0,149.72,32,30,3,106.67
IR Jaggi,6,2,66,92,5,50,6,0,4,13.2,71.74,6.52,54.35,33.0,25.0,37.0,1.0,67.57,39.0,49.0,3.0,79.59,2.0,6.0,1.0,33.33,28,30,1,93.33
IS Sodhi,2,1,7,18,2,11,0,0,1,3.5,38.89,0.0,61.11,7.0,0.0,0.0,0.0,0.0,5.0,11.0,0.0,45.45,2.0,7.0,2.0,28.57,7,18,2,38.89
Imran Tahir,7,2,33,35,4,19,5,0,4,8.25,94.29,14.29,54.29,16.5,0.0,0.0,0.0,0.0,4.0,8.0,1.0,50.0,29.0,27.0,3.0,107.41,29,30,4,96.67
Iqbal Abdulla,11,2,43,52,1,26,5,0,4,43.0,82.69,9.62,50.0,21.5,0.0,0.0,0.0,0.0,10.0,14.0,0.0,71.43,33.0,38.0,1.0,86.84,30,30,1,100.0
Ishan Kishan,84,2,2325,1736,77,691,221,106,6,30.19,133.93,18.84,39.8,1162.5,1091.0,842.0,24.0,129.57,1106.0,825.0,43.0,134.06,128.0,69.0,10.0,185.51,35,30,2,116.67
J Arunkumar,3,2,23,24,3,16,5,0,4,7.67,95.83,20.83,66.67,11.5,23.0,24.0,3.0,95.83,0.0,0.0,0.0,0.0,0.0,0.0,0.0,0.0,23,24,3,95.83
J Botha,25,2,376,336,21,125,34,5,6,17.9,111.9,11.61,37.2,188.0,43.0,48.0,1.0,89.58,205.0,193.0,8.0,106.22,128.0,95.0,12.0,134.74,53,30,4,176.67
J Fraser-McGurk,9,2,330,150,8,61,32,28,6,41.25,220.0,40.0,40.67,165.0,266.0,112.0,5.0,237.5,64.0,38.0,3.0,168.42,0.0,0.0,0.0,0.0,69,30,2,230.0
J Suchith,9,2,70,62,4,30,6,3,6,17.5,112.9,14.52,48.39,35.0,0.0,0.0,0.0,0.0,24.0,35.0,2.0,68.57,46.0,27.0,2.0,170.37,23,30,3,76.67
J Syed Mohammad,5,1,29,27,2,11,4,0,4,14.5,107.41,14.81,40.74,29.0,0.0,0.0,0.0,0.0,9.0,11.0,1.0,81.82,20.0,16.0,1.0,125.0,29,27,2,107.41
J Theron,4,2,10,13,2,6,1,0,4,5.0,76.92,7.69,46.15,5.0,0.0,0.0,0.0,0.0,0.0,0.0,0.0,0.0,10.0,13.0,2.0,76.92,10,13,2,76.92
J Yadav,3,1,39,33,2,10,2,1,6,19.5,118.18,9.09,30.3,39.0,0.0,0.0,0.0,0.0,15.0,12.0,0.0,125.0,24.0,21.0,2.0,114.29,36,30,2,120.0
JA Morkel,61,3,921,670,37,236,59,51,6,24.89,137.46,16.42,35.22,307.0,18.0,14.0,0.0,128.57,382.0,324.0,14.0,117.9,521.0,332.0,23.0,156.93,45,30,1,150.0
JA Richardson,3,2,17,27,3,17,2,0,4,5.67,62.96,7.41,62.96,8.5,0.0,0.0,0.0,0.0,15.0,23.0,1.0,65.22,2.0,4.0,2.0,50.0,17,27,3,62.96
JC Archer,23,2,199,132,13,47,11,14,6,15.31,150.76,18.94,35.61,99.5,0.0,4.0,1.0,0.0,24.0,21.0,3.0,114.29,175.0,107.0,9.0,163.55,29,30,4,96.67
JC Buttler,98,2,3416,2380,89,937,339,155,6,38.38,143.53,20.76,39.37,1708.0,1520.0,1116.0,36.0,136.2,1492.0,1045.0,36.0,142.78,404.0,219.0,17.0,184.47,31,30,2,103.33
JD Ryder,5,2,56,49,5,26,9,0,4,11.2,114.29,18.37,53.06,28.0,53.0,42.0,4.0,126.19,3.0,7.0,1.0,42.86,0.0,0.0,0.0,0.0,31,30,3,103.33
JD Unadkat,26,2,195,165,14,67,16,7,6,13.93,118.18,13.94,40.61,97.5,0.0,0.0,0.0,0.0,49.0,52.0,1.0,94.23,146.0,113.0,13.0,129.2,26,30,3,86.67
JDP Oram,10,2,106,107,7,47,6,5,6,15.14,99.07,10.28,43.93,53.0,0.0,0.0,0.0,0.0,56.0,70.0,3.0,80.0,50.0,37.0,4.0,135.14,26,30,3,86.67
JDS Neesham,10,2,92,93,8,40,6,2,6,11.5,98.92,8.6,43.01,46.0,0.0,0.0,0.0,0.0,60.0,57.0,3.0,105.26,32.0,36.0,5.0,88.89,31,30,4,103.33
JE Root,1,1,10,15,1,8,1,0,4,10.0,66.67,6.67,53.33,10.0,10.0,15.0,1.0,66.67,0.0,0.0,0.0,0.0,0.0,0.0,0.0,0.0,10,15,1,66.67
JEC Franklin,13,2,264,234,8,83,20,7,6,33.0,112.82,11.54,35.47,132.0,40.0,53.0,2.0,75.47,147.0,132.0,3.0,111.36,77.0,49.0,3.0,157.14,16,30,4,53.33
JH Kallis,89,2,2359,2205,83,941,249,44,6,28.42,106.98,13.29,42.68,1179.5,996.0,978.0,35.0,101.84,1060.0,1068.0,35.0,99.25,303.0,159.0,13.0,190.57,27,30,3,90.0
JJ Bumrah,24,2,52,68,7,34,5,0,4,7.43,76.47,7.35,50.0,26.0,0.0,0.0,0.0,0.0,6.0,6.0,0.0,100.0,46.0,62.0,7.0,74.19,23,30,2,76.67
JJ Roy,18,2,555,419,17,181,66,20,6,32.65,132.46,20.53,43.2,277.5,335.0,267.0,10.0,125.47,200.0,139.0,7.0,143.88,20.0,13.0,0.0,153.85,45,30,2,150.0
JJ van der Wath,3,1,18,17,2,8,1,1,6,9.0,105.88,11.76,47.06,18.0,0.0,0.0,0.0,0.0,4.0,5.0,1.0,80.0,14.0,12.0,1.0,116.67,18,17,2,105.88
JL Denly,1,1,0,1,1,1,0,0,0,0.0,0.0,0.0,100.0,0.0,0.0,1.0,1.0,0.0,0.0,0.0,0.0,0.0,0.0,0.0,0.0,0.0,0,1,1,0.0
JL Pattinson,2,1,15,13,1,4,2,0,4,15.0,115.38,15.38,30.77,15.0,0.0,0.0,0.0,0.0,0.0,0.0,0.0,0.0,15.0,13.0,1.0,115.38,15,13,1,115.38
JM Bairstow,50,2,1589,1132,48,462,166,69,6,33.1,140.37,20.76,40.81,794.5,864.0,606.0,22.0,142.57,680.0,497.0,22.0,136.82,45.0,29.0,4.0,155.17,24,30,2,80.0
JM Kemp,2,1,26,25,2,11,1,1,6,13.0,104.0,8.0,44.0,26.0,2.0,3.0,0.0,66.67,21.0,15.0,1.0,140.0,3.0,7.0,1.0,42.86,26,25,2,104.0
JM Sharma,36,2,730,501,32,192,53,45,6,22.81,145.71,19.56,38.32,365.0,11.0,16.0,2.0,68.75,527.0,380.0,22.0,138.68,192.0,105.0,8.0,182.86,46,30,1,153.33
JO Holder,26,2,246,208,20,94,12,17,6,12.3,118.27,13.94,45.19,123.0,12.0,18.0,1.0,66.67,96.0,81.0,4.0,118.52,138.0,109.0,15.0,126.61,38,30,6,126.67
JP Behrendorff,2,1,6,9,0,3,0,0,1,6.0,66.67,0.0,33.33,6.0,0.0,0.0,0.0,0.0,0.0,0.0,0.0,0.0,6.0,9.0,0.0,66.67,6,9,0,66.67
JP Duminy,67,2,1837,1499,44,517,118,76,6,41.75,122.55,12.94,34.49,918.5,230.0,241.0,6.0,95.44,951.0,900.0,22.0,105.67,656.0,358.0,16.0,183.24,24,30,1,80.0
JP Faulkner,31,3,371,265,19,98,24,22,6,19.53,140.0,17.36,36.98,123.67,14.0,20.0,4.0,70.0,91.0,90.0,3.0,101.11,266.0,155.0,12.0,171.61,27,30,4,90.0
JPR Scantlebury-Searles,2,1,8,6,1,3,0,1,6,8.0,133.33,16.67,50.0,8.0,0.0,0.0,0.0,0.0,0.0,0.0,0.0,0.0,8.0,6.0,1.0,133.33,8,6,1,133.33
JR Hazlewood,6,2,19,29,0,14,1,0,4,19.0,65.52,3.45,48.28,9.5,0.0,0.0,0.0,0.0,3.0,11.0,0.0,27.27,16.0,18.0,0.0,88.89,19,29,0,65.52
JR Hopes,18,2,404,310,17,120,48,10,6,23.76,130.32,18.71,38.71,202.0,167.0,138.0,7.0,121.01,197.0,138.0,7.0,142.75,40.0,34.0,3.0,117.65,38,30,3,126.67
JR Philippe,5,2,78,80,4,38,9,1,6,19.5,97.5,12.5,47.5,39.0,51.0,57.0,2.0,89.47,26.0,21.0,2.0,123.81,1.0,2.0,0.0,50.0,23,30,2,76.67
Jaskaran Singh,4,2,8,11,2,5,0,0,2,4.0,72.73,0.0,45.45,4.0,0.0,0.0,0.0,0.0,1.0,2.0,1.0,50.0,7.0,9.0,1.0,77.78,8,11,2,72.73
Joginder Sharma,5,2,36,30,4,10,1,2,6,9.0,120.0,10.0,33.33,18.0,0.0,0.0,0.0,0.0,7.0,7.0,1.0,100.0,29.0,23.0,3.0,126.09,36,30,4,120.0
K Goel,16,2,218,239,14,130,17,9,6,15.57,91.21,10.88,54.39,109.0,160.0,166.0,8.0,96.39,34.0,48.0,4.0,70.83,24.0,25.0,2.0,96.0,27,30,2,90.0
K Gowtham,26,2,246,156,17,60,15,17,6,14.47,157.69,20.51,38.46,123.0,8.0,6.0,1.0,133.33,87.0,64.0,9.0,135.94,151.0,86.0,7.0,175.58,38,30,3,126.67
K Kartikeya,2,1,9,13,2,7,1,0,4,4.5,69.23,7.69,53.85,9.0,0.0,0.0,0.0,0.0,1.0,3.0,0.0,33.33,8.0,10.0,2.0,80.0,9,13,2,69.23
K Rabada,28,2,206,207,16,101,16,8,6,12.88,99.52,11.59,48.79,103.0,1.0,4.0,0.0,25.0,60.0,85.0,4.0,70.59,145.0,118.0,12.0,122.88,28,30,5,93.33
K Yadav,1,1,0,4,0,4,0,0,0,0.0,0.0,0.0,100.0,0.0,0.0,0.0,0.0,0.0,0.0,0.0,0.0,0.0,0.0,4.0,0.0,0.0,0,4,0,0.0
KA Jamieson,7,2,65,55,3,25,5,3,6,21.67,118.18,14.55,45.45,32.5,0.0,0.0,0.0,0.0,20.0,25.0,1.0,80.0,45.0,30.0,2.0,150.0,30,30,1,100.0
KA Maharaj,1,1,1,2,1,1,0,0,1,1.0,50.0,0.0,50.0,1.0,0.0,0.0,0.0,0.0,0.0,0.0,0.0,0.0,1.0,2.0,1.0,50.0,1,2,1,50.0
KA Pollard,156,5,3257,2297,117,904,208,214,6,27.84,141.79,18.37,39.36,651.4,42.0,43.0,3.0,97.67,1589.0,1315.0,44.0,120.84,1626.0,939.0,70.0,173.16,19,30,2,63.33
KAJ Roach,1,1,10,9,1,3,1,0,4,10.0,111.11,11.11,33.33,10.0,0.0,0.0,0.0,0.0,9.0,5.0,0.0,180.0,1.0,4.0,1.0,25.0,10,9,1,111.11
KB Arun Karthik,8,2,51,53,5,24,4,1,6,10.2,96.23,9.43,45.28,25.5,0.0,0.0,0.0,0.0,26.0,23.0,3.0,113.04,25.0,30.0,2.0,83.33,30,30,3,100.0
KC Cariappa,4,2,23,18,2,6,0,2,6,11.5,127.78,11.11,33.33,11.5,0.0,0.0,0.0,0.0,12.0,8.0,0.0,150.0,11.0,10.0,2.0,110.0,23,18,2,127.78
KC Sangakkara,62,2,1476,1259,63,493,169,24,6,23.43,117.24,15.33,39.16,738.0,507.0,442.0,15.0,114.71,853.0,738.0,39.0,115.58,116.0,79.0,9.0,146.84,16,30,3,53.33
KD Karthik,197,3,3913,2950,156,1071,375,138,6,25.08,132.64,17.39,36.31,1304.33,318.0,321.0,7.0,99.07,2203.0,1854.0,86.0,118.82,1392.0,775.0,63.0,179.61,44,30,4,146.67
KH Pandya,100,2,1529,1192,69,467,133,58,6,22.16,128.27,16.02,39.18,764.5,70.0,59.0,3.0,118.64,994.0,824.0,40.0,120.63,465.0,309.0,26.0,150.49,30,30,2,100.0
KJ Abbott,2,2,12,7,1,3,0,1,6,12.0,171.43,14.29,42.86,6.0,0.0,0.0,0.0,0.0,0.0,1.0,1.0,0.0,12.0,6.0,0.0,200.0,12,7,1,171.43
KK Ahmed,5,1,1,7,5,6,0,0,1,0.2,14.29,0.0,85.71,1.0,0.0,0.0,0.0,0.0,0.0,0.0,0.0,0.0,1.0,7.0,5.0,14.29,1,7,5,14.29
KK Cooper,12,2,116,70,9,29,9,8,6,12.89,165.71,24.29,41.43,58.0,7.0,2.0,0.0,350.0,42.0,34.0,4.0,123.53,67.0,34.0,5.0,197.06,43,30,4,143.33
KK Nair,62,2,1308,1047,58,416,134,38,6,22.55,124.93,16.43,39.73,654.0,392.0,349.0,16.0,112.32,717.0,591.0,31.0,121.32,199.0,107.0,11.0,185.98,31,30,4,103.33
KL Nagarkoti,7,2,22,34,4,17,1,0,4,5.5,64.71,2.94,50.0,11.0,0.0,0.0,0.0,0.0,7.0,15.0,1.0,46.67,15.0,19.0,3.0,78.95,15,30,4,50.0
KL Rahul,118,3,4593,3496,103,1246,394,182,6,44.59,131.38,16.48,35.64,1531.0,1980.0,1609.0,33.0,123.06,2040.0,1563.0,46.0,130.52,573.0,324.0,24.0,176.85,38,30,1,126.67
KM Asif,1,1,0,2,1,2,0,0,0,0.0,0.0,0.0,100.0,0.0,0.0,0.0,0.0,0.0,0.0,2.0,1.0,0.0,0.0,0.0,0.0,0.0,0,2,1,0.0
KM Jadhav,72,2,1071,898,47,333,91,35,6,22.79,119.27,14.03,37.08,535.5,49.0,66.0,7.0,74.24,619.0,531.0,22.0,116.57,403.0,301.0,18.0,133.89,27,30,2,90.0
KMA Paul,5,2,18,26,4,17,1,1,6,4.5,69.23,7.69,65.38,9.0,0.0,0.0,0.0,0.0,0.0,6.0,0.0,0.0,18.0,20.0,4.0,90.0,18,26,4,69.23
KMDN Kulasekara,1,1,5,3,0,1,1,0,4,5.0,166.67,33.33,33.33,5.0,0.0,0.0,0.0,0.0,0.0,0.0,0.0,0.0,5.0,3.0,0.0,166.67,5,3,0,166.67
KP Appanna,3,2,2,4,1,2,0,0,1,2.0,50.0,0.0,50.0,1.0,0.0,0.0,0.0,0.0,0.0,0.0,0.0,0.0,2.0,4.0,1.0,50.0,2,4,1,50.0
KP Pietersen,30,2,869,653,24,251,85,32,6,36.21,133.08,17.92,38.44,434.5,328.0,260.0,4.0,126.15,431.0,337.0,19.0,127.89,110.0,56.0,1.0,196.43,47,30,1,156.67
KR Mayers,12,2,365,259,12,130,36,22,6,30.42,140.93,22.39,50.19,182.5,268.0,200.0,7.0,134.0,97.0,59.0,5.0,164.41,0.0,0.0,0.0,0.0,20,30,3,66.67
KR Sen,1,1,0,3,0,3,0,0,0,0.0,0.0,0.0,100.0,0.0,0.0,0.0,0.0,0.0,0.0,0.0,0.0,0.0,0.0,3.0,0.0,0.0,0,3,0,0.0
KS Bharat,8,2,199,168,7,62,12,8,6,28.43,118.45,11.9,36.9,99.5,65.0,61.0,2.0,106.56,108.0,93.0,5.0,116.13,26.0,14.0,0.0,185.71,27,30,3,90.0
KS Sharma,2,2,7,9,2,5,1,0,4,3.5,77.78,11.11,55.56,3.5,7.0,9.0,2.0,77.78,0.0,0.0,0.0,0.0,0.0,0.0,0.0,0.0,7,9,2,77.78
KS Williamson,72,3,2069,1670,55,594,181,63,6,37.62,123.89,14.61,35.57,689.67,470.0,474.0,12.0,99.16,1266.0,990.0,31.0,127.88,333.0,206.0,12.0,161.65,32,30,2,106.67
KV Sharma,35,2,328,269,21,104,20,16,6,15.62,121.93,13.38,38.66,164.0,6.0,8.0,1.0,75.0,97.0,95.0,4.0,102.11,225.0,166.0,16.0,135.54,57,30,6,190.0
KW Richardson,2,2,2,3,1,1,0,0,1,2.0,66.67,0.0,33.33,1.0,0.0,0.0,0.0,0.0,0.0,0.0,0.0,0.0,2.0,3.0,1.0,66.67,2,3,1,66.67
Kamran Akmal,6,2,128,78,4,33,13,8,6,32.0,164.1,26.92,42.31,64.0,51.0,41.0,2.0,124.39,57.0,25.0,2.0,228.0,20.0,12.0,0.0,166.67,48,30,2,160.0
Kamran Khan,1,1,3,5,1,3,0,0,2,3.0,60.0,0.0,60.0,3.0,0.0,0.0,0.0,0.0,3.0,5.0,1.0,60.0,0.0,0.0,0.0,0.0,3,5,1,60.0
Karanveer Singh,4,1,12,17,1,9,1,0,4,12.0,70.59,5.88,52.94,12.0,0.0,0.0,0.0,0.0,4.0,7.0,1.0,57.14,8.0,10.0,0.0,80.0,12,17,1,70.59
Kartik Tyagi,6,2,13,16,4,7,1,0,4,3.25,81.25,6.25,43.75,6.5,0.0,0.0,0.0,0.0,0.0,1.0,1.0,0.0,13.0,15.0,3.0,86.67,13,16,4,81.25
Kuldeep Yadav,32,2,183,224,10,116,16,3,6,18.3,81.7,8.48,51.79,91.5,0.0,0.0,0.0,0.0,37.0,58.0,2.0,63.79,146.0,166.0,8.0,87.95,25,30,1,83.33
Kumar Kushagra,3,2,3,7,3,5,0,0,2,1.0,42.86,0.0,71.43,1.5,2.0,3.0,1.0,66.67,1.0,3.0,1.0,33.33,0.0,1.0,1.0,0.0,3,7,3,42.86
L Ablish,1,1,0,2,0,2,0,0,0,0.0,0.0,0.0,100.0,0.0,0.0,0.0,0.0,0.0,0.0,0.0,0.0,0.0,0.0,2.0,0.0,0.0,0,2,0,0.0
L Balaji,12,2,35,49,7,29,2,1,6,5.0,71.43,6.12,59.18,17.5,0.0,0.0,0.0,0.0,4.0,9.0,0.0,44.44,31.0,40.0,7.0,77.5,28,30,4,93.33
L Ronchi,5,2,34,37,3,26,6,1,6,11.33,91.89,18.92,70.27,17.0,34.0,37.0,3.0,91.89,0.0,0.0,0.0,0.0,0.0,0.0,0.0,0.0,26,30,3,86.67
L Wood,1,1,9,3,0,0,0,1,6,9.0,300.0,33.33,0.0,9.0,0.0,0.0,0.0,0.0,0.0,0.0,0.0,0.0,9.0,3.0,0.0,300.0,9,3,0,300.0
LA Carseldine,5,2,81,71,3,31,11,0,4,27.0,114.08,15.49,43.66,40.5,38.0,36.0,1.0,105.56,25.0,24.0,2.0,104.17,18.0,11.0,0.0,163.64,31,30,2,103.33
LA Pomersbach,16,2,302,251,11,109,25,13,6,27.45,120.32,15.14,43.43,151.0,104.0,81.0,4.0,128.4,139.0,135.0,3.0,102.96,59.0,35.0,4.0,168.57,28,30,1,93.33
LB Williams,1,1,1,2,0,1,0,0,1,1.0,50.0,0.0,50.0,1.0,0.0,0.0,0.0,0.0,0.0,0.0,0.0,0.0,1.0,2.0,0.0,50.0,1,2,0,50.0
LE Plunkett,2,2,1,3,1,2,0,0,1,1.0,33.33,0.0,66.67,0.5,0.0,0.0,0.0,0.0,0.0,0.0,0.0,0.0,1.0,3.0,1.0,33.33,1,3,1,33.33
LH Ferguson,6,2,67,47,4,14,6,2,6,16.75,142.55,17.02,29.79,33.5,0.0,0.0,0.0,0.0,3.0,5.0,0.0,60.0,64.0,42.0,4.0,152.38,48,30,3,160.0
LMP Simmons,26,2,1063,847,25,382,109,43,6,42.52,125.5,17.95,45.1,531.5,526.0,449.0,10.0,117.15,505.0,372.0,13.0,135.75,32.0,26.0,2.0,123.08,46,30,3,153.33
LPC Silva,3,2,40,27,2,10,5,1,6,20.0,148.15,22.22,37.04,20.0,9.0,8.0,0.0,112.5,8.0,9.0,2.0,88.89,23.0,10.0,0.0,230.0,40,27,2,148.15
LR Shukla,32,2,405,357,28,151,33,16,6,14.46,113.45,13.73,42.3,202.5,2.0,5.0,0.0,40.0,214.0,216.0,17.0,99.07,189.0,136.0,11.0,138.97,24,30,2,80.0
LRPL Taylor,45,2,884,705,35,273,59,43,6,25.26,125.39,14.47,38.72,442.0,150.0,117.0,3.0,128.21,529.0,466.0,24.0,113.52,205.0,122.0,8.0,168.03,32,30,3,106.67
LS Livingstone,39,2,939,609,33,225,66,66,6,28.45,154.19,21.67,36.95,469.5,163.0,111.0,8.0,146.85,572.0,395.0,18.0,144.81,204.0,103.0,7.0,198.06,35,30,3,116.67
Lalit Yadav,21,2,305,301,15,129,27,7,6,20.33,101.33,11.3,42.86,152.5,25.0,32.0,0.0,78.12,200.0,197.0,11.0,101.52,80.0,72.0,4.0,111.11,28,30,4,93.33
Liton Das,1,1,4,4,1,3,1,0,4,4.0,100.0,25.0,75.0,4.0,4.0,4.0,1.0,100.0,0.0,0.0,0.0,0.0,0.0,0.0,0.0,0.0,4,4,1,100.0
M Ashwin,11,2,35,49,7,26,2,1,6,5.0,71.43,6.12,53.06,17.5,0.0,0.0,0.0,0.0,7.0,18.0,2.0,38.89,28.0,31.0,5.0,90.32,23,30,4,76.67
M Jansen,12,2,66,71,8,34,5,2,6,8.25,92.96,9.86,47.89,33.0,0.0,0.0,0.0,0.0,34.0,32.0,2.0,106.25,32.0,39.0,6.0,82.05,26,30,3,86.67
M Kaif,21,2,251,253,16,118,21,6,6,15.69,99.21,10.67,46.64,125.5,22.0,39.0,2.0,56.41,201.0,188.0,9.0,106.91,28.0,26.0,5.0,107.69,35,30,3,116.67
M Kartik,9,2,75,73,5,22,5,0,4,15.0,102.74,6.85,30.14,37.5,0.0,0.0,0.0,0.0,32.0,27.0,1.0,118.52,43.0,46.0,4.0,93.48,29,30,2,96.67
M Manhas,19,2,267,242,10,85,24,2,6,26.7,110.33,10.74,35.12,133.5,11.0,10.0,1.0,110.0,139.0,146.0,5.0,95.21,117.0,86.0,4.0,136.05,37,30,4,123.33
M Markande,10,2,48,44,3,20,5,1,6,16.0,109.09,13.64,45.45,24.0,0.0,0.0,0.0,0.0,3.0,8.0,1.0,37.5,45.0,36.0,2.0,125.0,30,30,2,100.0
M Morkel,17,2,124,90,10,34,11,5,6,12.4,137.78,17.78,37.78,62.0,0.0,0.0,0.0,0.0,10.0,15.0,3.0,66.67,114.0,75.0,7.0,152.0,53,30,4,176.67
M Muralitharan,8,2,15,22,6,13,1,0,4,2.5,68.18,4.55,59.09,7.5,0.0,0.0,0.0,0.0,0.0,0.0,0.0,0.0,15.0,22.0,6.0,68.18,15,22,6,68.18
M Ntini,2,2,11,19,1,15,2,0,4,11.0,57.89,10.53,78.95,5.5,0.0,0.0,0.0,0.0,0.0,0.0,0.0,0.0,11.0,19.0,1.0,57.89,11,19,1,57.89
M Prasidh Krishna,7,2,9,24,2,15,0,0,1,4.5,37.5,0.0,62.5,4.5,0.0,0.0,0.0,0.0,0.0,0.0,0.0,0.0,9.0,24.0,2.0,37.5,9,24,2,37.5
M Rawat,10,2,50,59,4,28,4,1,6,12.5,84.75,8.47,47.46,25.0,0.0,2.0,1.0,0.0,18.0,24.0,2.0,75.0,32.0,33.0,1.0,96.97,25,30,1,83.33
M Shahrukh Khan,37,2,553,413,25,170,35,37,6,22.12,133.9,17.43,41.16,276.5,23.0,17.0,0.0,135.29,271.0,229.0,12.0,118.34,259.0,167.0,13.0,155.09,41,30,1,136.67
M Theekshana,2,2,7,7,1,5,0,1,6,7.0,100.0,14.29,71.43,3.5,0.0,0.0,0.0,0.0,0.0,3.0,1.0,0.0,7.0,4.0,0.0,175.0,7,7,1,100.0
M Vijay,95,2,2272,1914,87,867,213,82,6,26.11,118.7,15.41,45.3,1136.0,1349.0,1238.0,51.0,108.97,849.0,631.0,32.0,134.55,74.0,45.0,4.0,164.44,27,30,2,90.0
M Vohra,44,2,903,739,42,350,81,40,6,21.5,122.19,16.37,47.36,451.5,583.0,490.0,23.0,118.98,284.0,231.0,16.0,122.94,36.0,18.0,3.0,200.0,36,30,3,120.0
M de Lange,1,1,1,2,1,1,0,0,1,1.0,50.0,0.0,50.0,1.0,0.0,0.0,0.0,0.0,0.0,0.0,0.0,0.0,1.0,2.0,1.0,50.0,1,2,1,50.0
MA Agarwal,116,3,2601,2014,111,800,260,95,6,23.43,129.15,17.63,39.72,867.0,1338.0,1129.0,52.0,118.51,1075.0,799.0,49.0,134.54,188.0,86.0,10.0,218.6,26,30,3,86.67
MA Khote,3,2,24,22,2,10,2,1,6,12.0,109.09,13.64,45.45,12.0,0.0,0.0,0.0,0.0,12.0,9.0,1.0,133.33,12.0,13.0,1.0,92.31,24,22,2,109.09
MA Starc,16,2,105,109,8,46,11,0,4,13.12,96.33,10.09,42.2,52.5,0.0,0.0,0.0,0.0,43.0,43.0,1.0,100.0,62.0,66.0,7.0,93.94,25,30,3,83.33
MA Wood,3,1,12,10,2,6,1,1,6,6.0,120.0,20.0,60.0,12.0,0.0,0.0,0.0,0.0,1.0,1.0,0.0,100.0,11.0,9.0,2.0,122.22,12,10,2,120.0
MC Henriques,45,2,822,676,32,242,65,25,6,25.69,121.6,13.31,35.8,411.0,124.0,122.0,1.0,101.64,477.0,418.0,21.0,114.11,221.0,136.0,10.0,162.5,31,30,3,103.33
MC Juneja,7,2,125,134,7,54,11,1,6,17.86,93.28,8.96,40.3,62.5,20.0,18.0,1.0,111.11,100.0,107.0,4.0,93.46,5.0,9.0,2.0,55.56,20,30,3,66.67
MD Mishra,11,2,166,149,10,75,18,6,6,16.6,111.41,16.11,50.34,83.0,108.0,103.0,5.0,104.85,58.0,46.0,5.0,126.09,0.0,0.0,0.0,0.0,32,30,4,106.67
MD Shanaka,3,2,26,26,2,12,2,1,6,13.0,100.0,11.54,46.15,13.0,0.0,1.0,0.0,0.0,17.0,18.0,2.0,94.44,9.0,7.0,0.0,128.57,26,26,2,100.0
MDKJ Perera,1,1,14,12,1,7,3,0,4,14.0,116.67,25.0,58.33,14.0,14.0,12.0,1.0,116.67,0.0,0.0,0.0,0.0,0.0,0.0,0.0,0.0,14,12,1,116.67
MEK Hussey,53,2,1862,1524,47,588,186,51,6,39.62,122.18,15.55,38.58,931.0,777.0,726.0,16.0,107.02,926.0,713.0,26.0,129.87,159.0,85.0,5.0,187.06,38,30,2,126.67
MF Maharoof,14,2,177,124,10,44,12,9,6,17.7,142.74,16.94,35.48,88.5,0.0,0.0,0.0,0.0,50.0,50.0,5.0,100.0,127.0,74.0,5.0,171.62,41,30,3,136.67
MG Bracewell,4,2,58,49,2,17,6,1,6,29.0,118.37,14.29,34.69,29.0,2.0,2.0,0.0,100.0,45.0,35.0,2.0,128.57,11.0,12.0,0.0,91.67,38,30,1,126.67
MG Johnson,27,2,154,154,14,74,10,6,6,11.0,100.0,10.39,48.05,77.0,0.0,0.0,0.0,0.0,16.0,21.0,2.0,76.19,138.0,133.0,12.0,103.76,28,30,3,93.33
MJ Guptill,10,3,262,182,9,78,23,15,6,29.11,143.96,20.88,42.86,87.33,210.0,142.0,6.0,147.89,52.0,40.0,3.0,130.0,0.0,0.0,0.0,0.0,43,30,2,143.33
MJ Lumb,12,2,278,198,10,96,45,6,6,27.8,140.4,25.76,48.48,139.0,225.0,157.0,6.0,143.31,53.0,41.0,4.0,129.27,0.0,0.0,0.0,0.0,49,30,3,163.33
MJ McClenaghan,17,2,70,58,9,34,5,6,6,7.78,120.69,18.97,58.62,35.0,0.0,1.0,1.0,0.0,28.0,19.0,3.0,147.37,42.0,38.0,5.0,110.53,25,30,4,83.33
MJ Santner,11,2,70,77,6,38,4,3,6,11.67,90.91,9.09,49.35,35.0,20.0,27.0,2.0,74.07,28.0,32.0,2.0,87.5,22.0,18.0,2.0,122.22,22,30,4,73.33
MJ Suthar,1,1,1,2,1,1,0,0,1,1.0,50.0,0.0,50.0,1.0,0.0,0.0,0.0,0.0,0.0,0.0,0.0,0.0,1.0,2.0,1.0,50.0,1,2,1,50.0
MK Lomror,35,2,527,389,30,136,33,30,6,17.57,135.48,16.2,34.96,263.5,31.0,38.0,3.0,81.58,345.0,234.0,12.0,147.44,151.0,117.0,15.0,129.06,45,30,3,150.0
MK Pandey,128,3,3257,2732,106,1006,277,95,6,30.73,119.22,13.62,36.82,1085.67,918.0,802.0,24.0,114.46,1925.0,1645.0,60.0,117.02,414.0,285.0,22.0,145.26,38,30,1,126.67
MK Tiwary,63,2,1271,1138,47,440,120,26,6,27.04,111.69,12.83,38.66,635.5,175.0,184.0,9.0,95.11,794.0,752.0,21.0,105.59,302.0,202.0,17.0,149.5,34,30,1,113.33
ML Hayden,32,3,1107,839,28,367,121,44,6,39.54,131.94,19.67,43.74,369.0,599.0,482.0,14.0,124.27,442.0,321.0,12.0,137.69,66.0,36.0,2.0,183.33,17,30,1,56.67
MM Ali,57,2,1162,849,49,346,95,67,6,23.71,136.87,19.08,40.75,581.0,229.0,185.0,8.0,123.78,730.0,543.0,29.0,134.44,203.0,121.0,12.0,167.77,38,30,2,126.67
MM Patel,10,2,38,38,4,16,5,0,4,9.5,100.0,13.16,42.11,19.0,0.0,0.0,0.0,0.0,0.0,4.0,2.0,0.0,38.0,34.0,2.0,111.76,35,30,2,116.67
MM Sharma,25,2,113,120,14,61,9,4,6,8.07,94.17,10.83,50.83,56.5,0.0,0.0,0.0,0.0,45.0,51.0,4.0,88.24,68.0,69.0,10.0,98.55,11,30,3,36.67
MN Samuels,2,1,1,6,2,5,0,0,1,0.5,16.67,0.0,83.33,1.0,0.0,2.0,0.0,0.0,1.0,4.0,2.0,25.0,0.0,0.0,0.0,0.0,1,6,2,16.67
MN van Wyk,5,2,167,135,3,44,19,1,6,55.67,123.7,14.81,32.59,83.5,28.0,27.0,1.0,103.7,85.0,73.0,1.0,116.44,54.0,35.0,1.0,154.29,49,30,2,163.33
MP Stoinis,84,2,1793,1311,63,482,142,90,6,28.46,136.77,17.7,36.77,896.5,255.0,214.0,8.0,119.16,938.0,740.0,33.0,126.76,600.0,357.0,22.0,168.07,33,30,2,110.0
MR Marsh,24,2,468,362,22,155,40,25,6,21.27,129.28,17.96,42.82,234.0,223.0,161.0,10.0,138.51,208.0,178.0,8.0,116.85,37.0,23.0,4.0,160.87,47,30,4,156.67
MS Bisla,36,2,769,704,34,358,89,23,6,22.62,109.23,15.91,50.85,384.5,445.0,427.0,16.0,104.22,284.0,252.0,16.0,112.7,40.0,25.0,2.0,160.0,37,30,2,123.33
MS Dhoni,194,2,4511,3357,124,1196,318,216,6,36.38,134.38,15.91,35.63,2255.5,51.0,65.0,2.0,78.46,2064.0,1960.0,47.0,105.31,2396.0,1332.0,75.0,179.88,58,30,3,193.33
MS Gony,14,2,99,75,9,38,6,8,6,11.0,132.0,18.67,50.67,49.5,0.0,0.0,0.0,0.0,20.0,22.0,3.0,90.91,79.0,53.0,6.0,149.06,47,30,4,156.67
MS Wade,12,2,169,161,11,80,23,2,6,15.36,104.97,15.53,49.69,84.5,111.0,96.0,5.0,115.62,58.0,65.0,6.0,89.23,0.0,0.0,0.0,0.0,19,30,3,63.33
MV Boucher,22,2,389,314,14,115,32,13,6,27.79,123.89,14.33,36.62,194.5,22.0,24.0,1.0,91.67,193.0,180.0,9.0,107.22,174.0,110.0,4.0,158.18,34,30,3,113.33
MW Short,6,2,117,99,6,52,15,4,6,19.5,118.18,19.19,52.53,58.5,107.0,84.0,4.0,127.38,10.0,15.0,2.0,66.67,0.0,0.0,0.0,0.0,35,30,2,116.67
Mandeep Singh,88,2,1508,1239,76,493,156,38,6,19.84,121.71,15.66,39.79,754.0,573.0,518.0,31.0,110.62,638.0,538.0,26.0,118.59,297.0,183.0,19.0,162.3,23,30,5,76.67
Mashrafe Mortaza,1,1,2,2,0,1,0,0,2,2.0,100.0,0.0,50.0,2.0,0.0,0.0,0.0,0.0,0.0,0.0,0.0,0.0,2.0,2.0,0.0,100.0,2,2,0,100.0
Mayank Dagar,1,1,0,1,0,1,0,0,0,0.0,0.0,0.0,100.0,0.0,0.0,0.0,0.0,0.0,0.0,0.0,0.0,0.0,0.0,1.0,0.0,0.0,0,1,0,0.0
Misbah-ul-Haq,8,2,117,82,9,31,10,6,6,13.0,142.68,19.51,37.8,58.5,27.0,19.0,3.0,142.11,50.0,48.0,5.0,104.17,40.0,15.0,1.0,266.67,34,30,3,113.33
Mohammad Ashraful,1,1,2,12,1,10,0,0,1,2.0,16.67,0.0,83.33,2.0,2.0,12.0,1.0,16.67,0.0,0.0,0.0,0.0,0.0,0.0,0.0,0.0,2,12,1,16.67
Mohammad Asif,2,1,3,6,2,3,0,0,1,1.5,50.0,0.0,50.0,3.0,0.0,0.0,0.0,0.0,3.0,4.0,0.0,75.0,0.0,2.0,2.0,0.0,3,6,2,50.0
Mohammad Hafeez,8,2,64,84,8,51,7,2,6,8.0,76.19,10.71,60.71,32.0,28.0,37.0,3.0,75.68,31.0,43.0,4.0,72.09,5.0,4.0,1.0,125.0,21,30,4,70.0
Mohammad Nabi,19,3,221,157,17,60,18,12,6,13.0,140.76,19.11,38.22,73.67,26.0,15.0,1.0,173.33,86.0,64.0,5.0,134.38,109.0,78.0,11.0,139.74,35,30,4,116.67
Mohammed Shami,20,2,66,73,12,36,5,2,6,5.5,90.41,9.59,49.32,33.0,0.0,0.0,0.0,0.0,16.0,18.0,4.0,88.89,50.0,55.0,8.0,90.91,21,30,5,70.0
Mohammed Siraj,20,2,109,122,10,68,10,4,6,10.9,89.34,11.48,55.74,54.5,0.0,0.0,0.0,0.0,9.0,13.0,0.0,69.23,100.0,109.0,10.0,91.74,27,30,4,90.0
Mohit Rathee,1,1,1,2,0,1,0,0,1,1.0,50.0,0.0,50.0,1.0,0.0,0.0,0.0,0.0,0.0,0.0,0.0,0.0,1.0,2.0,0.0,50.0,1,2,0,50.0
Mohsin Khan,5,2,25,27,2,15,2,1,6,12.5,92.59,11.11,55.56,12.5,0.0,0.0,0.0,0.0,1.0,9.0,1.0,11.11,24.0,18.0,1.0,133.33,25,27,2,92.59
Mujeeb Ur Rahman,6,2,12,15,3,9,2,0,4,4.0,80.0,13.33,60.0,6.0,0.0,0.0,0.0,0.0,1.0,3.0,1.0,33.33,11.0,12.0,2.0,91.67,12,15,3,80.0
Mukesh Choudhary,2,2,6,6,0,3,1,0,4,6.0,100.0,16.67,50.0,3.0,0.0,0.0,0.0,0.0,4.0,4.0,0.0,100.0,2.0,2.0,0.0,100.0,6,6,0,100.0
Mukesh Kumar,5,1,10,20,1,10,0,0,1,10.0,50.0,0.0,50.0,10.0,0.0,0.0,0.0,0.0,1.0,1.0,0.0,100.0,9.0,19.0,1.0,47.37,10,20,1,50.0
Mustafizur Rahman,6,2,13,23,1,15,0,1,6,13.0,56.52,4.35,65.22,6.5,0.0,0.0,0.0,0.0,0.0,3.0,0.0,0.0,13.0,20.0,1.0,65.0,13,23,1,56.52
N Jagadeesan,10,2,162,155,9,73,21,2,6,18.0,104.52,14.84,47.1,81.0,64.0,64.0,5.0,100.0,89.0,77.0,4.0,115.58,9.0,14.0,0.0,64.29,30,30,2,100.0
N Pooran,71,3,1749,1112,55,410,113,127,6,31.8,157.28,21.58,36.87,583.0,73.0,51.0,6.0,143.14,1141.0,729.0,26.0,156.52,535.0,332.0,23.0,161.14,75,30,1,250.0
N Rana,96,2,2457,1881,89,787,221,123,6,27.61,130.62,18.29,41.84,1228.5,601.0,528.0,16.0,113.83,1582.0,1192.0,57.0,132.72,274.0,161.0,16.0,170.19,36,30,2,120.0
N Saini,10,2,140,143,11,68,16,0,4,12.73,97.9,11.19,47.55,70.0,80.0,86.0,3.0,93.02,54.0,51.0,5.0,105.88,6.0,6.0,3.0,100.0,19,30,3,63.33
N Wadhera,16,2,350,261,15,107,32,18,6,23.33,134.1,19.16,41.0,175.0,21.0,22.0,1.0,95.45,270.0,200.0,6.0,135.0,59.0,39.0,8.0,151.28,23,30,4,76.67
NJ Maddinson,3,1,20,21,3,15,4,0,4,6.67,95.24,19.05,71.43,20.0,20.0,21.0,3.0,95.24,0.0,0.0,0.0,0.0,0.0,0.0,0.0,0.0,20,21,3,95.24
NK Patel,6,2,121,124,5,61,14,1,6,24.2,97.58,12.1,49.19,60.5,45.0,59.0,1.0,76.27,45.0,46.0,3.0,97.83,31.0,19.0,1.0,163.16,17,30,2,56.67
NLTC Perera,15,3,219,174,12,65,9,14,6,18.25,125.86,13.22,37.36,73.0,6.0,6.0,1.0,100.0,108.0,90.0,4.0,120.0,105.0,78.0,7.0,134.62,26,30,4,86.67
NM Coulter-Nile,14,2,74,67,9,34,7,3,6,8.22,110.45,14.93,50.75,37.0,0.0,0.0,0.0,0.0,14.0,19.0,1.0,73.68,60.0,48.0,8.0,125.0,38,30,5,126.67
NS Naik,4,2,31,53,4,31,2,0,4,7.75,58.49,3.77,58.49,15.5,7.0,17.0,1.0,41.18,13.0,20.0,0.0,65.0,11.0,16.0,3.0,68.75,17,30,4,56.67
NT Ellis,5,2,19,26,4,14,0,1,6,4.75,73.08,3.85,53.85,9.5,0.0,0.0,0.0,0.0,1.0,9.0,2.0,11.11,18.0,17.0,2.0,105.88,19,26,4,73.08
NV Ojha,84,2,1458,1256,66,595,117,73,6,22.09,116.08,15.13,47.37,729.0,473.0,468.0,21.0,101.07,707.0,583.0,25.0,121.27,278.0,205.0,20.0,135.61,31,30,3,103.33
Naman Dhir,7,2,140,84,6,35,12,10,6,23.33,166.67,26.19,41.67,70.0,38.0,37.0,4.0,102.7,53.0,27.0,2.0,196.3,49.0,20.0,0.0,245.0,62,30,0,206.67
Navdeep Saini,7,2,33,38,4,17,3,0,4,8.25,86.84,7.89,44.74,16.5,0.0,1.0,0.0,0.0,6.0,13.0,2.0,46.15,27.0,24.0,2.0,112.5,30,30,3,100.0
Naveen-ul-Haq,4,2,18,26,2,16,2,0,4,9.0,69.23,7.69,61.54,9.0,0.0,0.0,0.0,0.0,2.0,6.0,1.0,33.33,16.0,20.0,1.0,80.0,18,26,2,69.23
Nithish Kumar Reddy,11,2,303,221,9,82,15,21,6,33.67,137.1,16.29,37.1,151.5,37.0,43.0,1.0,86.05,229.0,157.0,6.0,145.86,37.0,21.0,2.0,176.19,27,30,3,90.0
Noor Ahmad,5,2,13,18,4,11,2,0,4,3.25,72.22,11.11,61.11,6.5,0.0,0.0,0.0,0.0,2.0,7.0,1.0,28.57,11.0,11.0,3.0,100.0,13,18,4,72.22
OA Shah,19,2,476,382,12,142,33,21,6,39.67,124.61,14.14,37.17,238.0,23.0,18.0,0.0,127.78,271.0,239.0,5.0,113.39,182.0,125.0,7.0,145.6,34,30,2,113.33
OC McCoy,1,1,8,5,0,2,0,1,6,8.0,160.0,20.0,40.0,8.0,0.0,0.0,0.0,0.0,0.0,0.0,0.0,0.0,8.0,5.0,0.0,160.0,8,5,0,160.0
OF Smith,6,2,51,50,3,29,1,5,6,17.0,102.0,12.0,58.0,25.5,0.0,0.0,0.0,0.0,5.0,14.0,1.0,35.71,46.0,36.0,2.0,127.78,23,30,3,76.67
P Awana,5,2,5,14,3,9,0,0,1,1.67,35.71,0.0,64.29,2.5,0.0,0.0,0.0,0.0,0.0,0.0,0.0,0.0,5.0,14.0,3.0,35.71,5,14,3,35.71
P Chopra,1,1,8,6,1,4,2,0,4,8.0,133.33,33.33,66.67,8.0,0.0,0.0,0.0,0.0,8.0,6.0,1.0,133.33,0.0,0.0,0.0,0.0,8,6,1,133.33
P Dogra,12,2,127,141,12,63,4,5,6,10.58,90.07,6.38,44.68,63.5,0.0,0.0,0.0,0.0,77.0,97.0,2.0,79.38,50.0,44.0,10.0,113.64,19,30,6,63.33
P Dubey,2,2,23,33,1,17,2,0,4,23.0,69.7,6.06,51.52,11.5,0.0,0.0,0.0,0.0,16.0,19.0,0.0,84.21,7.0,14.0,1.0,50.0,20,30,1,66.67
P Kumar,46,2,301,274,28,138,19,17,6,10.75,109.85,13.14,50.36,150.5,6.0,8.0,2.0,75.0,61.0,60.0,3.0,101.67,234.0,206.0,23.0,113.59,19,30,5,63.33
P Negi,29,2,290,244,22,103,22,12,6,13.18,118.85,13.93,42.21,145.0,4.0,6.0,1.0,66.67,92.0,94.0,6.0,97.87,194.0,144.0,15.0,134.72,33,30,8,110.0
P Parameswaran,1,1,0,2,0,2,0,0,0,0.0,0.0,0.0,100.0,0.0,0.0,0.0,0.0,0.0,0.0,0.0,0.0,0.0,0.0,2.0,0.0,0.0,0,2,0,0.0
P Ray Barman,1,1,19,25,1,12,2,0,4,19.0,76.0,8.0,48.0,19.0,0.0,0.0,0.0,0.0,19.0,25.0,1.0,76.0,0.0,0.0,0.0,0.0,19,25,1,76.0
P Sahu,2,1,19,13,0,4,1,1,6,19.0,146.15,15.38,30.77,19.0,0.0,0.0,0.0,0.0,0.0,0.0,0.0,0.0,19.0,13.0,0.0,146.15,19,13,0,146.15
P Simran Singh,34,2,756,528,35,241,78,41,6,21.6,143.18,22.54,45.64,378.0,499.0,350.0,20.0,142.57,214.0,147.0,12.0,145.58,43.0,31.0,3.0,138.71,51,30,1,170.0
PA Patel,111,2,2358,2022,103,899,306,40,6,22.89,116.62,17.11,44.46,1179.0,1611.0,1395.0,60.0,115.48,685.0,586.0,38.0,116.89,62.0,41.0,5.0,151.22,47,30,4,156.67
PA Reddy,9,2,137,136,9,62,13,2,6,15.22,100.74,11.03,45.59,68.5,91.0,95.0,5.0,95.79,40.0,39.0,3.0,102.56,6.0,2.0,1.0,300.0,27,30,3,90.0
PBB Rajapaksa,13,2,277,201,12,80,22,15,6,23.08,137.81,18.41,39.8,138.5,77.0,52.0,4.0,148.08,198.0,145.0,6.0,136.55,2.0,4.0,2.0,50.0,19,30,2,63.33
PC Valthaty,18,2,458,388,17,203,55,18,6,26.94,118.04,18.81,52.32,229.0,265.0,248.0,11.0,106.85,166.0,127.0,6.0,130.71,27.0,13.0,0.0,207.69,8,30,3,26.67
PD Collingwood,7,2,203,159,4,60,9,13,6,50.75,127.67,13.84,37.74,101.5,26.0,19.0,0.0,136.84,111.0,103.0,3.0,107.77,66.0,37.0,1.0,178.38,40,30,0,133.33
PD Salt,21,2,653,385,20,144,74,34,6,32.65,169.61,28.05,37.4,326.5,404.0,242.0,12.0,166.94,225.0,132.0,8.0,170.45,24.0,11.0,0.0,218.18,59,30,4,196.67
PJ Cummins,37,2,480,339,27,145,31,32,6,17.78,141.59,18.58,42.77,240.0,0.0,1.0,0.0,0.0,222.0,149.0,8.0,148.99,258.0,189.0,19.0,136.51,40,30,3,133.33
PJ Sangwan,11,2,24,43,6,25,1,0,4,4.0,55.81,2.33,58.14,12.0,0.0,0.0,0.0,0.0,4.0,10.0,0.0,40.0,20.0,33.0,6.0,60.61,17,30,3,56.67
PK Garg,19,2,273,247,19,94,16,9,6,14.37,110.53,10.12,38.06,136.5,51.0,52.0,4.0,98.08,167.0,162.0,11.0,103.09,55.0,33.0,4.0,166.67,26,30,4,86.67
PM Sarvesh Kumar,1,1,1,2,0,1,0,0,1,1.0,50.0,0.0,50.0,1.0,0.0,0.0,0.0,0.0,0.0,0.0,0.0,0.0,1.0,2.0,0.0,50.0,1,2,0,50.0
PN Mankad,5,2,97,75,3,32,13,2,6,32.33,129.33,20.0,42.67,48.5,45.0,38.0,2.0,118.42,38.0,27.0,1.0,140.74,14.0,10.0,0.0,140.0,31,30,3,103.33
PP Chawla,81,2,553,499,53,221,49,19,6,10.43,110.82,13.63,44.29,276.5,8.0,5.0,1.0,160.0,163.0,175.0,10.0,93.14,382.0,319.0,42.0,119.75,33,30,6,110.0
PP Ojha,17,2,15,43,10,29,0,0,2,1.5,34.88,0.0,67.44,7.5,0.0,0.0,0.0,0.0,0.0,3.0,1.0,0.0,15.0,40.0,9.0,37.5,10,30,5,33.33
PP Shaw,79,2,1892,1321,77,522,238,61,6,24.57,143.22,22.63,39.52,946.0,1347.0,946.0,51.0,142.39,527.0,363.0,24.0,145.18,18.0,12.0,2.0,150.0,49,30,5,163.33
PR Shah,8,2,87,92,7,47,8,2,6,12.43,94.57,10.87,51.09,43.5,30.0,34.0,0.0,88.24,38.0,38.0,3.0,100.0,19.0,20.0,4.0,95.0,23,30,2,76.67
PV Tambe,5,2,11,20,1,9,0,0,1,11.0,55.0,0.0,45.0,5.5,0.0,0.0,0.0,0.0,0.0,0.0,0.0,0.0,11.0,20.0,1.0,55.0,11,20,1,55.0
PVD Chameera,7,2,43,32,3,16,3,3,6,14.33,134.38,18.75,50.0,21.5,0.0,0.0,0.0,0.0,4.0,4.0,0.0,100.0,39.0,28.0,3.0,139.29,38,30,3,126.67
PWH de Silva,14,2,72,80,11,40,7,1,6,6.55,90.0,10.0,50.0,36.0,0.0,0.0,0.0,0.0,30.0,41.0,3.0,73.17,42.0,39.0,8.0,107.69,33,30,3,110.0
Pankaj Singh,5,2,7,12,2,6,0,0,2,3.5,58.33,0.0,50.0,3.5,0.0,0.0,0.0,0.0,0.0,0.0,0.0,0.0,7.0,12.0,2.0,58.33,7,12,2,58.33
Parvez Rasool,2,1,12,11,1,3,1,0,4,12.0,109.09,9.09,27.27,12.0,0.0,0.0,0.0,0.0,0.0,0.0,0.0,0.0,12.0,11.0,1.0,109.09,12,11,1,109.09
Q de Kock,103,3,3105,2336,97,926,311,122,6,32.01,132.92,18.54,39.64,1035.0,1805.0,1389.0,50.0,129.95,1185.0,888.0,42.0,133.45,115.0,59.0,5.0,194.92,33,30,5,110.0
R Ashwin,82,2,748,655,57,252,56,27,6,13.12,114.2,12.67,38.47,374.0,58.0,54.0,5.0,107.41,292.0,290.0,15.0,100.69,398.0,311.0,37.0,127.97,34,30,4,113.33
R Bhatia,36,2,257,226,25,91,20,9,6,10.28,113.72,12.83,40.27,128.5,0.0,0.0,0.0,0.0,96.0,119.0,7.0,80.67,161.0,107.0,18.0,150.47,39,30,4,130.0
R Bishnoi,3,2,19,17,3,11,1,2,6,6.33,111.76,17.65,64.71,9.5,18.0,14.0,1.0,128.57,0.0,1.0,1.0,0.0,1.0,2.0,1.0,50.0,19,17,3,111.76
R Dhawan,21,2,199,184,10,85,18,6,6,19.9,108.15,13.04,46.2,99.5,0.0,0.0,0.0,0.0,70.0,86.0,2.0,81.4,129.0,98.0,8.0,131.63,36,30,3,120.0
R Dravid,75,2,1964,1731,70,736,239,26,6,28.06,113.46,15.31,42.52,982.0,771.0,727.0,15.0,106.05,1033.0,914.0,46.0,113.02,160.0,90.0,9.0,177.78,39,30,1,130.0
R McLaren,12,2,108,132,8,56,8,0,4,13.5,81.82,6.06,42.42,54.0,12.0,19.0,0.0,63.16,68.0,78.0,3.0,87.18,28.0,35.0,5.0,80.0,19,30,4,63.33
R Ninan,1,1,3,6,1,3,0,0,1,3.0,50.0,0.0,50.0,3.0,0.0,0.0,0.0,0.0,0.0,0.0,0.0,0.0,3.0,6.0,1.0,50.0,3,6,1,50.0
R Parag,58,2,1173,909,47,344,84,60,6,24.96,129.04,15.84,37.84,586.5,50.0,54.0,1.0,92.59,750.0,610.0,20.0,122.95,373.0,245.0,26.0,152.24,34,30,3,113.33
R Powell,22,2,360,254,20,111,21,28,6,18.0,141.73,19.29,43.7,180.0,0.0,0.0,0.0,0.0,167.0,156.0,11.0,107.05,193.0,98.0,9.0,196.94,33,30,3,110.0
R Rampaul,6,2,51,51,4,25,3,2,6,12.75,100.0,9.8,49.02,25.5,0.0,0.0,0.0,0.0,22.0,21.0,1.0,104.76,29.0,30.0,3.0,96.67,30,30,3,100.0
R Ravindra,10,2,222,146,9,56,22,12,6,24.67,152.05,23.29,38.36,111.0,169.0,117.0,6.0,144.44,53.0,29.0,3.0,182.76,0.0,0.0,0.0,0.0,47,30,1,156.67
R Sai Kishore,1,1,13,6,1,3,0,2,6,13.0,216.67,33.33,50.0,13.0,0.0,0.0,0.0,0.0,0.0,0.0,0.0,0.0,13.0,6.0,1.0,216.67,13,6,1,216.67
R Sanjay Yadav,1,1,0,2,1,2,0,0,0,0.0,0.0,0.0,100.0,0.0,0.0,0.0,0.0,0.0,0.0,0.0,0.0,0.0,0.0,2.0,1.0,0.0,0,2,1,0.0
R Sathish,23,2,260,228,15,89,22,5,6,17.33,114.04,11.84,39.04,130.0,0.0,7.0,1.0,0.0,127.0,125.0,6.0,101.6,133.0,96.0,8.0,138.54,40,30,3,133.33
R Sharma,4,2,29,26,3,15,3,1,6,9.67,111.54,15.38,57.69,14.5,0.0,0.0,0.0,0.0,4.0,2.0,0.0,200.0,25.0,24.0,3.0,104.17,29,26,3,111.54
R Shepherd,9,2,115,68,6,29,7,10,6,19.17,169.12,25.0,42.65,57.5,0.0,0.0,0.0,0.0,25.0,24.0,2.0,104.17,90.0,44.0,4.0,204.55,69,30,4,230.0
R Shukla,4,2,19,23,2,10,2,0,4,9.5,82.61,8.7,43.48,9.5,0.0,0.0,0.0,0.0,3.0,3.0,0.0,100.0,16.0,20.0,2.0,80.0,19,23,2,82.61
R Tewatia,64,2,1009,785,42,308,83,47,6,24.02,128.54,16.56,39.24,504.5,2.0,4.0,0.0,50.0,384.0,402.0,19.0,95.52,623.0,379.0,23.0,164.38,48,30,3,160.0
R Vinay Kumar,33,2,247,229,19,96,17,7,6,13.0,107.86,10.48,41.92,123.5,0.0,0.0,0.0,0.0,50.0,59.0,1.0,84.75,197.0,170.0,18.0,115.88,42,30,3,140.0
RA Bawa,2,2,11,14,2,7,1,0,4,5.5,78.57,7.14,50.0,5.5,0.0,1.0,0.0,0.0,11.0,13.0,2.0,84.62,0.0,0.0,0.0,0.0,11,14,2,78.57
RA Jadeja,140,2,2249,1785,88,608,163,81,6,25.56,125.99,13.67,34.06,1124.5,22.0,31.0,2.0,70.97,1037.0,985.0,33.0,105.28,1190.0,769.0,53.0,154.75,47,30,2,156.67
RA Tripathi,79,2,1845,1375,69,509,180,67,6,26.74,134.18,17.96,37.02,922.5,687.0,524.0,27.0,131.11,998.0,752.0,32.0,132.71,160.0,99.0,10.0,161.62,44,30,2,146.67
RD Chahar,21,2,126,125,16,70,13,5,6,7.88,100.8,14.4,56.0,63.0,0.0,0.0,0.0,0.0,25.0,31.0,2.0,80.65,101.0,94.0,14.0,107.45,23,30,3,76.67
RD Gaikwad,65,2,2380,1781,56,638,217,91,6,42.5,133.63,17.29,35.82,1190.0,1128.0,918.0,24.0,122.88,1069.0,756.0,25.0,141.4,183.0,107.0,7.0,171.03,28,30,1,93.33
RE Levi,5,2,83,72,5,39,10,4,6,16.6,115.28,19.44,54.17,41.5,62.0,56.0,3.0,110.71,21.0,16.0,2.0,131.25,0.0,0.0,0.0,0.0,30,30,4,100.0
RE van der Merwe,13,2,155,137,11,63,11,8,6,14.09,113.14,13.87,45.99,77.5,36.0,37.0,2.0,97.3,76.0,70.0,4.0,108.57,43.0,30.0,5.0,143.33,29,30,2,96.67
RG More,1,1,2,2,0,0,0,0,1,2.0,100.0,0.0,0.0,2.0,0.0,0.0,0.0,0.0,0.0,0.0,0.0,0.0,2.0,2.0,0.0,100.0,2,2,0,100.0
RG Sharma,235,3,6235,4854,220,1909,565,266,6,28.34,128.45,17.12,39.33,2078.33,2043.0,1724.0,68.0,118.5,3130.0,2570.0,103.0,121.79,1062.0,560.0,49.0,189.64,51,30,1,170.0
RJ Gleeson,1,1,2,2,0,1,0,0,2,2.0,100.0,0.0,50.0,2.0,0.0,0.0,0.0,0.0,0.0,0.0,0.0,0.0,2.0,2.0,0.0,100.0,2,2,0,100.0
RJ Harris,20,2,113,108,11,43,5,3,6,10.27,104.63,7.41,39.81,56.5,0.0,0.0,0.0,0.0,31.0,39.0,3.0,79.49,82.0,69.0,8.0,118.84,31,30,5,103.33
RJ Peterson,4,1,19,18,2,10,2,1,6,9.5,105.56,16.67,55.56,19.0,0.0,0.0,0.0,0.0,1.0,1.0,0.0,100.0,18.0,17.0,2.0,105.88,19,18,2,105.56
RJ Quiney,7,2,103,105,7,57,12,3,6,14.71,98.1,14.29,54.29,51.5,65.0,74.0,5.0,87.84,38.0,31.0,2.0,122.58,0.0,0.0,0.0,0.0,35,30,3,116.67
RJW Topley,1,1,3,6,0,3,0,0,1,3.0,50.0,0.0,50.0,3.0,0.0,0.0,0.0,0.0,0.0,0.0,0.0,0.0,3.0,6.0,0.0,50.0,3,6,0,50.0
RK Bhui,4,2,10,27,4,19,0,0,2,2.5,37.04,0.0,70.37,5.0,0.0,7.0,2.0,0.0,10.0,20.0,2.0,50.0,0.0,0.0,0.0,0.0,10,27,4,37.04
RK Singh,40,2,893,654,29,237,67,46,6,30.79,136.54,17.28,36.24,446.5,36.0,26.0,0.0,138.46,436.0,391.0,15.0,111.51,421.0,237.0,14.0,177.64,45,30,3,150.0
RM Patidar,24,2,799,534,24,190,51,54,6,33.29,149.63,19.66,35.58,399.5,170.0,141.0,3.0,120.57,595.0,372.0,19.0,159.95,34.0,21.0,2.0,161.9,41,30,2,136.67
RN ten Doeschate,19,2,253,187,15,68,19,13,6,16.87,135.29,17.11,36.36,126.5,5.0,3.0,0.0,166.67,78.0,81.0,6.0,96.3,170.0,103.0,9.0,165.05,51,30,4,170.0
RP Meredith,2,1,0,3,1,3,0,0,0,0.0,0.0,0.0,100.0,0.0,0.0,0.0,0.0,0.0,0.0,0.0,0.0,0.0,0.0,3.0,1.0,0.0,0,3,1,0.0
RP Singh,24,2,50,74,13,39,2,1,6,3.85,67.57,4.05,52.7,25.0,0.0,0.0,0.0,0.0,2.0,10.0,2.0,20.0,48.0,64.0,11.0,75.0,11,30,4,36.67
RR Bhatkal,1,1,0,2,2,2,0,0,0,0.0,0.0,0.0,100.0,0.0,0.0,0.0,0.0,0.0,0.0,0.0,0.0,0.0,0.0,2.0,2.0,0.0,0,2,2,0.0
RR Pant,102,4,3034,2131,88,753,275,139,6,34.48,142.37,19.43,35.34,758.5,303.0,266.0,5.0,113.91,2105.0,1547.0,54.0,136.07,626.0,318.0,29.0,196.86,37,30,2,123.33
RR Powar,6,2,56,51,1,22,6,1,6,56.0,109.8,13.73,43.14,28.0,0.0,0.0,0.0,0.0,3.0,11.0,0.0,27.27,53.0,40.0,1.0,132.5,28,30,1,93.33
RR Raje,5,2,20,18,1,6,1,1,6,20.0,111.11,11.11,33.33,10.0,0.0,0.0,0.0,0.0,0.0,0.0,0.0,0.0,20.0,18.0,1.0,111.11,20,18,1,111.11
RR Rossouw,22,2,473,321,21,129,45,25,6,22.52,147.35,21.81,40.19,236.5,139.0,101.0,8.0,137.62,278.0,192.0,11.0,144.79,56.0,28.0,2.0,200.0,57,30,2,190.0
RR Sarwan,4,2,73,78,3,34,6,1,6,24.33,93.59,8.97,43.59,36.5,45.0,43.0,0.0,104.65,28.0,35.0,3.0,80.0,0.0,0.0,0.0,0.0,24,30,2,80.0
RS Bopara,22,2,531,468,19,175,39,16,6,27.95,113.46,11.75,37.39,265.5,130.0,153.0,7.0,84.97,275.0,235.0,5.0,117.02,126.0,80.0,7.0,157.5,36,30,2,120.0
RS Gavaskar,1,1,2,8,1,6,0,0,1,2.0,25.0,0.0,75.0,2.0,0.0,0.0,0.0,0.0,2.0,8.0,1.0,25.0,0.0,0.0,0.0,0.0,2,8,1,25.0
RS Sodhi,1,1,4,2,0,1,1,0,4,4.0,200.0,50.0,50.0,4.0,0.0,0.0,0.0,0.0,0.0,0.0,0.0,0.0,4.0,2.0,0.0,200.0,4,2,0,200.0
RT Ponting,8,2,77,112,7,60,3,2,6,11.0,68.75,4.46,53.57,38.5,33.0,61.0,5.0,54.1,44.0,51.0,2.0,86.27,0.0,0.0,0.0,0.0,10,30,4,33.33
RV Patel,7,2,80,76,5,29,6,2,6,16.0,105.26,10.53,38.16,40.0,0.0,0.0,0.0,0.0,31.0,37.0,2.0,83.78,49.0,39.0,3.0,125.64,33,30,2,110.0
RV Uthappa,146,3,3649,2838,137,1142,352,141,6,26.64,128.58,17.37,40.24,1216.33,1511.0,1222.0,45.0,123.65,1839.0,1436.0,74.0,128.06,299.0,180.0,18.0,166.11,20,30,5,66.67
Rahmanullah Gurbaz,13,2,289,228,13,119,24,19,6,22.23,126.75,18.86,52.19,144.5,189.0,158.0,9.0,119.62,100.0,70.0,4.0,142.86,0.0,0.0,0.0,0.0,35,30,1,116.67
Ramandeep Singh,13,2,170,106,6,37,8,13,6,28.33,160.38,19.81,34.91,85.0,2.0,4.0,0.0,50.0,81.0,63.0,4.0,128.57,87.0,39.0,2.0,223.08,72,30,1,240.0
Rashid Khan,57,2,542,351,36,147,39,38,6,15.06,154.42,21.94,41.88,271.0,0.0,0.0,0.0,0.0,95.0,74.0,3.0,128.38,447.0,277.0,33.0,161.37,42,30,3,140.0
Rasikh Salam,6,2,40,40,5,19,5,0,4,8.0,100.0,12.5,47.5,20.0,0.0,0.0,0.0,0.0,13.0,21.0,1.0,61.9,27.0,19.0,4.0,142.11,28,30,4,93.33
Ravi Bishnoi,14,2,32,52,7,30,2,0,4,4.57,61.54,3.85,57.69,16.0,0.0,0.0,0.0,0.0,15.0,24.0,2.0,62.5,17.0,28.0,5.0,60.71,18,30,5,60.0
S Anirudha,10,2,129,112,6,49,9,7,6,21.5,115.18,14.29,43.75,64.5,26.0,28.0,2.0,92.86,45.0,46.0,1.0,97.83,58.0,38.0,3.0,152.63,34,30,4,113.33
S Aravind,7,2,36,31,2,14,6,0,4,18.0,116.13,19.35,45.16,18.0,0.0,0.0,0.0,0.0,10.0,11.0,1.0,90.91,26.0,20.0,1.0,130.0,36,30,2,120.0
S Badree,2,1,8,13,2,6,0,0,2,4.0,61.54,0.0,46.15,8.0,0.0,0.0,0.0,0.0,6.0,10.0,1.0,60.0,2.0,3.0,1.0,66.67,8,13,2,61.54
S Badrinath,58,2,1210,1059,43,440,133,24,6,28.14,114.26,14.83,41.55,605.0,155.0,215.0,6.0,72.09,746.0,649.0,22.0,114.95,309.0,195.0,15.0,158.46,19,30,4,63.33
S Chanderpaul,3,2,25,33,3,20,4,0,4,8.33,75.76,12.12,60.61,12.5,25.0,33.0,3.0,75.76,0.0,0.0,0.0,0.0,0.0,0.0,0.0,0.0,20,30,3,66.67
S Dhawan,207,3,6419,5171,183,2004,734,145,6,35.08,124.13,17.0,38.75,2139.67,3221.0,2686.0,89.0,119.92,2722.0,2192.0,81.0,124.18,476.0,293.0,13.0,162.46,27,30,3,90.0
S Dube,61,2,1502,1077,50,404,86,101,6,30.04,139.46,17.36,37.51,751.0,30.0,42.0,0.0,71.43,1100.0,814.0,32.0,135.14,372.0,221.0,18.0,168.33,25,30,3,83.33
S Gopal,21,2,178,157,12,57,19,2,6,14.83,113.38,13.38,36.31,89.0,0.0,4.0,0.0,0.0,59.0,62.0,5.0,95.16,119.0,91.0,7.0,130.77,36,30,1,120.0
S Kaul,8,2,20,34,3,21,1,0,4,6.67,58.82,2.94,61.76,10.0,0.0,0.0,0.0,0.0,2.0,5.0,0.0,40.0,18.0,29.0,3.0,62.07,19,30,3,63.33
S Ladda,2,1,0,10,2,10,0,0,0,0.0,0.0,0.0,100.0,0.0,0.0,0.0,0.0,0.0,0.0,9.0,1.0,0.0,0.0,1.0,1.0,0.0,0,10,2,0.0
S Lamichhane,1,1,0,1,1,1,0,0,0,0.0,0.0,0.0,100.0,0.0,0.0,0.0,0.0,0.0,0.0,0.0,0.0,0.0,0.0,1.0,1.0,0.0,0,1,1,0.0
S Nadeem,19,2,33,83,15,55,1,0,4,2.2,39.76,1.2,66.27,16.5,0.0,0.0,0.0,0.0,16.0,36.0,2.0,44.44,17.0,47.0,13.0,36.17,16,30,5,53.33
S Narwal,4,2,37,29,4,12,6,0,4,9.25,127.59,20.69,41.38,18.5,0.0,0.0,0.0,0.0,18.0,13.0,1.0,138.46,19.0,16.0,3.0,118.75,37,29,4,127.59
S Rana,7,2,73,66,4,28,7,1,6,18.25,110.61,12.12,42.42,36.5,20.0,23.0,1.0,86.96,7.0,10.0,1.0,70.0,46.0,33.0,2.0,139.39,43,30,2,143.33
S Randiv,1,1,2,4,1,3,0,0,2,2.0,50.0,0.0,75.0,2.0,0.0,0.0,0.0,0.0,0.0,0.0,0.0,0.0,2.0,4.0,1.0,50.0,2,4,1,50.0
S Sohal,17,2,333,273,15,137,32,16,6,22.2,121.98,17.58,50.18,166.5,250.0,212.0,9.0,117.92,79.0,53.0,4.0,149.06,4.0,8.0,2.0,50.0,36,30,2,120.0
S Sreesanth,9,2,33,48,2,35,6,0,4,16.5,68.75,12.5,72.92,16.5,0.0,0.0,0.0,0.0,0.0,0.0,0.0,0.0,33.0,48.0,2.0,68.75,29,30,1,96.67
S Sriram,2,1,31,38,2,18,3,0,4,15.5,81.58,7.89,47.37,31.0,13.0,12.0,0.0,108.33,18.0,26.0,2.0,69.23,0.0,0.0,0.0,0.0,28,30,2,93.33
S Tyagi,1,1,3,4,0,1,0,0,1,3.0,75.0,0.0,25.0,3.0,0.0,0.0,0.0,0.0,0.0,0.0,0.0,0.0,3.0,4.0,0.0,75.0,3,4,0,75.0
S Vidyut,8,2,145,115,8,55,21,3,6,18.12,126.09,20.87,47.83,72.5,103.0,81.0,5.0,127.16,42.0,34.0,3.0,123.53,0.0,0.0,0.0,0.0,33,30,4,110.0
SA Abbott,3,2,22,18,2,10,1,2,6,11.0,122.22,16.67,55.56,11.0,0.0,0.0,0.0,0.0,2.0,7.0,0.0,28.57,20.0,11.0,2.0,181.82,22,18,2,122.22
SA Asnodkar,19,2,423,352,19,164,56,10,6,22.26,120.17,18.75,46.59,211.5,278.0,216.0,10.0,128.7,145.0,136.0,9.0,106.62,0.0,0.0,0.0,0.0,34,30,4,113.33
SA Yadav,129,3,3482,2421,107,857,376,125,6,32.54,143.82,20.69,35.4,1160.67,815.0,589.0,16.0,138.37,2186.0,1572.0,70.0,139.06,481.0,260.0,21.0,185.0,46,30,2,153.33
SB Bangar,7,2,49,58,6,28,1,3,6,8.17,84.48,6.9,48.28,24.5,0.0,0.0,0.0,0.0,20.0,41.0,3.0,48.78,29.0,17.0,3.0,170.59,26,30,4,86.67
SB Dubey,3,2,33,21,2,7,3,2,6,16.5,157.14,23.81,33.33,16.5,0.0,0.0,0.0,0.0,23.0,16.0,0.0,143.75,10.0,5.0,2.0,200.0,33,21,2,157.14
SB Jakati,4,1,27,28,2,11,3,0,4,13.5,96.43,10.71,39.29,27.0,0.0,0.0,0.0,0.0,0.0,0.0,0.0,0.0,27.0,28.0,2.0,96.43,27,28,2,96.43
SB Joshi,2,2,6,16,2,10,0,0,1,3.0,37.5,0.0,62.5,3.0,0.0,0.0,0.0,0.0,6.0,16.0,2.0,37.5,0.0,0.0,0.0,0.0,6,16,2,37.5
SB Styris,10,2,131,134,7,53,10,3,6,18.71,97.76,9.7,39.55,65.5,8.0,13.0,0.0,61.54,102.0,102.0,5.0,100.0,21.0,19.0,2.0,110.53,39,30,2,130.0
SC Ganguly,38,2,1031,977,38,489,104,36,6,27.13,105.53,14.33,50.05,515.5,398.0,406.0,14.0,98.03,535.0,516.0,18.0,103.68,98.0,55.0,6.0,178.18,36,30,1,120.0
SD Chitnis,7,2,90,83,6,35,9,2,6,15.0,108.43,13.25,42.17,45.0,1.0,6.0,0.0,16.67,59.0,53.0,2.0,111.32,30.0,24.0,4.0,125.0,38,30,1,126.67
SD Hope,9,2,183,125,8,48,12,12,6,22.88,146.4,19.2,38.4,91.5,78.0,61.0,4.0,127.87,98.0,57.0,4.0,171.93,7.0,7.0,0.0,100.0,38,30,2,126.67
SD Lad,1,1,15,13,1,8,1,1,6,15.0,115.38,15.38,61.54,15.0,15.0,13.0,1.0,115.38,0.0,0.0,0.0,0.0,0.0,0.0,0.0,0.0,15,13,1,115.38
SE Bond,1,1,1,2,1,1,0,0,1,1.0,50.0,0.0,50.0,1.0,0.0,0.0,0.0,0.0,1.0,2.0,1.0,50.0,0.0,0.0,0.0,0.0,1,2,1,50.0
SE Marsh,60,3,2247,1704,57,647,242,73,6,39.42,131.87,18.49,37.97,749.0,702.0,670.0,19.0,104.78,1381.0,926.0,29.0,149.14,164.0,108.0,9.0,151.85,37,30,3,123.33
SE Rutherford,9,2,106,107,7,54,3,8,6,15.14,99.07,10.28,50.47,53.0,4.0,12.0,0.0,33.33,53.0,67.0,4.0,79.1,49.0,28.0,3.0,175.0,19,30,2,63.33
SH Johnson,3,2,6,7,0,4,1,0,4,6.0,85.71,14.29,57.14,3.0,0.0,0.0,0.0,0.0,0.0,0.0,0.0,0.0,6.0,7.0,0.0,85.71,6,7,0,85.71
SJ Srivastava,3,2,4,4,1,1,0,0,2,4.0,100.0,0.0,25.0,2.0,0.0,0.0,0.0,0.0,0.0,0.0,0.0,0.0,4.0,4.0,1.0,100.0,4,4,1,100.0
SK Raina,163,3,4499,3382,136,1230,410,175,6,33.08,133.03,17.3,36.37,1499.67,1205.0,939.0,35.0,128.33,2742.0,2111.0,85.0,129.89,552.0,332.0,16.0,166.27,37,30,3,123.33
SK Trivedi,14,2,42,61,8,37,3,1,6,5.25,68.85,6.56,60.66,21.0,0.0,0.0,0.0,0.0,2.0,5.0,1.0,40.0,40.0,56.0,7.0,71.43,28,30,5,93.33
SK Warne,26,2,196,210,18,98,14,6,6,10.89,93.33,9.52,46.67,98.0,0.0,0.0,0.0,0.0,80.0,94.0,6.0,85.11,116.0,116.0,12.0,100.0,17,30,4,56.67
SL Malinga,16,2,62,83,10,49,4,3,6,6.2,74.7,8.43,59.04,31.0,0.0,0.0,0.0,0.0,8.0,11.0,1.0,72.73,54.0,72.0,9.0,75.0,17,30,3,56.67
SM Curran,48,2,883,673,36,251,74,37,6,24.53,131.2,16.49,37.3,441.5,123.0,107.0,4.0,114.95,424.0,372.0,15.0,113.98,336.0,194.0,17.0,173.2,51,30,0,170.0
SM Harwood,2,2,9,14,0,7,0,0,2,9.0,64.29,0.0,50.0,4.5,0.0,0.0,0.0,0.0,0.0,0.0,0.0,0.0,9.0,14.0,0.0,64.29,9,14,0,64.29
SM Katich,11,2,241,191,10,85,26,8,6,24.1,126.18,17.8,44.5,120.5,145.0,110.0,6.0,131.82,79.0,68.0,4.0,116.18,17.0,13.0,0.0,130.77,30,30,4,100.0
SM Pollock,8,2,147,116,8,47,12,8,6,18.38,126.72,17.24,40.52,73.5,1.0,6.0,0.0,16.67,74.0,73.0,3.0,101.37,72.0,37.0,5.0,194.59,44,30,4,146.67
SMSM Senanayake,3,2,8,16,1,8,0,0,1,8.0,50.0,0.0,50.0,4.0,0.0,0.0,0.0,0.0,1.0,1.0,0.0,100.0,7.0,15.0,1.0,46.67,8,16,1,50.0
SN Khan,34,2,538,433,27,158,57,13,6,19.93,124.25,16.17,36.49,269.0,89.0,69.0,3.0,128.99,247.0,238.0,14.0,103.78,202.0,126.0,10.0,160.32,30,30,3,100.0
SN Thakur,32,2,307,225,20,81,27,13,6,15.35,136.44,17.78,36.0,153.5,0.0,4.0,1.0,0.0,137.0,103.0,6.0,133.01,170.0,118.0,13.0,144.07,27,30,4,90.0
SO Hetmyer,65,2,1243,854,40,315,76,82,6,31.08,145.55,18.5,36.89,621.5,60.0,58.0,2.0,103.45,503.0,428.0,17.0,117.52,680.0,368.0,21.0,184.78,37,30,3,123.33
SP Fleming,10,2,196,171,9,86,27,3,6,21.78,114.62,17.54,50.29,98.0,120.0,113.0,6.0,106.19,76.0,58.0,3.0,131.03,0.0,0.0,0.0,0.0,39,30,3,130.0
SP Goswami,20,2,287,304,19,143,31,3,6,15.11,94.41,11.18,47.04,143.5,157.0,173.0,7.0,90.75,119.0,116.0,9.0,102.59,11.0,15.0,3.0,73.33,29,30,5,96.67
SP Jackson,7,2,51,48,5,15,3,1,6,10.2,106.25,8.33,31.25,25.5,0.0,0.0,0.0,0.0,32.0,28.0,2.0,114.29,19.0,20.0,3.0,95.0,27,30,5,90.0
SP Narine,102,2,1474,942,82,447,152,96,6,17.98,156.48,26.33,47.45,737.0,888.0,542.0,39.0,163.84,495.0,305.0,28.0,162.3,91.0,95.0,15.0,95.79,55,30,4,183.33
SPD Smith,50,3,1232,1009,45,343,122,22,6,27.38,122.1,14.27,33.99,410.67,263.0,230.0,8.0,114.35,726.0,622.0,25.0,116.72,243.0,157.0,12.0,154.78,35,30,2,116.67
SR Tendulkar,72,2,2082,1827,65,774,263,25,6,32.03,113.96,15.76,42.36,1041.0,1016.0,923.0,25.0,110.08,962.0,840.0,35.0,114.52,104.0,64.0,5.0,162.5,35,30,1,116.67
SR Watson,129,3,3588,2693,116,1169,349,174,6,30.93,133.23,19.42,43.41,1196.0,1347.0,1227.0,38.0,109.78,1951.0,1306.0,62.0,149.39,290.0,160.0,16.0,181.25,36,30,3,120.0
SS Cottrell,1,1,0,2,1,2,0,0,0,0.0,0.0,0.0,100.0,0.0,0.0,0.0,0.0,0.0,0.0,1.0,0.0,0.0,0.0,1.0,1.0,0.0,0,2,1,0.0
SS Iyer,110,3,3010,2465,98,926,256,109,6,30.71,122.11,14.81,37.57,1003.33,844.0,804.0,26.0,104.98,1825.0,1466.0,56.0,124.49,341.0,195.0,16.0,174.87,65,30,1,216.67
SS Prabhudessai,10,2,126,113,9,56,11,4,6,14.0,111.5,13.27,49.56,63.0,8.0,13.0,0.0,61.54,95.0,78.0,6.0,121.79,23.0,22.0,3.0,104.55,34,30,2,113.33
SS Shaikh,1,1,6,7,0,4,1,0,4,6.0,85.71,14.29,57.14,6.0,0.0,0.0,0.0,0.0,6.0,7.0,0.0,85.71,0.0,0.0,0.0,0.0,6,7,0,85.71
SS Tiwary,60,2,1158,1006,39,374,85,40,6,29.69,115.11,12.43,37.18,579.0,113.0,115.0,3.0,98.26,741.0,678.0,25.0,109.29,304.0,213.0,11.0,142.72,27,30,2,90.0
ST Jayasuriya,30,2,768,573,29,292,84,39,6,26.48,134.03,21.47,50.96,384.0,514.0,403.0,20.0,127.54,254.0,170.0,9.0,149.41,0.0,0.0,0.0,0.0,21,30,4,70.0
STR Binny,60,2,801,646,40,248,60,31,6,20.02,123.99,14.09,38.39,400.5,17.0,23.0,0.0,73.91,498.0,432.0,24.0,115.28,286.0,191.0,16.0,149.74,36,30,3,120.0
SV Samson,153,2,4184,3109,135,1130,336,193,6,30.99,134.58,17.02,36.35,2092.0,1133.0,963.0,36.0,117.65,2558.0,1870.0,77.0,136.79,493.0,276.0,22.0,178.62,29,30,3,96.67
SW Billings,25,2,455,363,24,138,35,18,6,18.96,125.34,14.6,38.02,227.5,104.0,86.0,4.0,120.93,275.0,230.0,13.0,119.57,76.0,47.0,7.0,161.7,43,30,2,143.33
SW Tait,4,2,13,17,3,9,0,1,6,4.33,76.47,5.88,52.94,6.5,0.0,0.0,0.0,0.0,10.0,10.0,1.0,100.0,3.0,7.0,2.0,42.86,13,17,3,76.47
SZ Mulani,1,1,1,1,0,0,0,0,1,1.0,100.0,0.0,0.0,1.0,0.0,0.0,0.0,0.0,0.0,0.0,0.0,0.0,1.0,1.0,0.0,100.0,1,1,0,100.0
Sachin Baby,9,2,142,116,8,45,11,5,6,17.75,122.41,13.79,38.79,71.0,0.0,0.0,0.0,0.0,57.0,63.0,3.0,90.48,85.0,53.0,5.0,160.38,20,30,3,66.67
Salman Butt,7,2,193,172,7,86,30,2,6,27.57,112.21,18.6,50.0,96.5,104.0,106.0,4.0,98.11,85.0,64.0,2.0,132.81,4.0,2.0,1.0,200.0,43,30,2,143.33
Sameer Rizvi,5,2,51,43,4,19,4,2,6,12.75,118.6,13.95,44.19,25.5,0.0,0.0,0.0,0.0,22.0,29.0,3.0,75.86,29.0,14.0,1.0,207.14,35,30,1,116.67
Sandeep Sharma,24,2,53,72,5,33,4,0,4,10.6,73.61,5.56,45.83,26.5,0.0,0.0,0.0,0.0,12.0,15.0,1.0,80.0,41.0,57.0,4.0,71.93,22,30,2,73.33
Sanvir Singh,5,2,25,22,2,9,2,1,6,12.5,113.64,13.64,40.91,12.5,7.0,5.0,0.0,140.0,0.0,2.0,2.0,0.0,18.0,15.0,0.0,120.0,25,22,2,113.64
Saurav Chauhan,3,2,18,16,3,7,1,1,6,6.0,112.5,12.5,43.75,9.0,0.0,0.0,0.0,0.0,2.0,3.0,1.0,66.67,16.0,13.0,2.0,123.08,18,16,3,112.5
Shahbaz Ahmed,37,2,536,467,29,182,28,25,6,18.48,114.78,11.35,38.97,268.0,21.0,27.0,3.0,77.78,307.0,302.0,13.0,101.66,208.0,138.0,13.0,150.72,26,30,3,86.67
Shahid Afridi,9,2,81,46,8,20,7,6,6,10.12,176.09,28.26,43.48,40.5,43.0,18.0,2.0,238.89,16.0,18.0,4.0,88.89,22.0,10.0,2.0,220.0,62,30,6,206.67
Shakib Al Hasan,46,3,678,562,36,197,66,15,6,18.83,120.64,14.41,35.05,226.0,34.0,26.0,2.0,130.77,410.0,355.0,17.0,115.49,234.0,181.0,17.0,129.28,32,30,3,106.67
Shashank Singh,19,2,423,272,11,89,33,25,6,38.45,155.51,21.32,32.72,211.5,34.0,28.0,1.0,121.43,231.0,169.0,6.0,136.69,158.0,75.0,4.0,210.67,45,30,3,150.0
Shivam Mavi,11,2,51,58,9,32,4,2,6,5.67,87.93,10.34,55.17,25.5,0.0,0.0,0.0,0.0,3.0,10.0,2.0,30.0,48.0,48.0,7.0,100.0,28,30,5,93.33
Shivam Sharma,2,1,5,3,1,1,1,0,4,5.0,166.67,33.33,33.33,5.0,0.0,0.0,0.0,0.0,0.0,0.0,0.0,0.0,5.0,3.0,1.0,166.67,5,3,1,166.67
Shivam Singh,1,1,2,3,0,1,0,0,1,2.0,66.67,0.0,33.33,2.0,0.0,0.0,0.0,0.0,0.0,0.0,0.0,0.0,2.0,3.0,0.0,66.67,2,3,0,66.67
Shoaib Ahmed,3,2,1,6,2,5,0,0,1,0.5,16.67,0.0,83.33,0.5,0.0,0.0,0.0,0.0,1.0,2.0,0.0,50.0,0.0,4.0,2.0,0.0,1,6,2,16.67
Shoaib Akhtar,1,1,2,8,1,6,0,0,1,2.0,25.0,0.0,75.0,2.0,0.0,0.0,0.0,0.0,2.0,8.0,1.0,25.0,0.0,0.0,0.0,0.0,2,8,1,25.0
Shoaib Malik,5,2,52,49,4,16,5,0,4,13.0,106.12,10.2,32.65,26.0,17.0,14.0,0.0,121.43,33.0,31.0,2.0,106.45,2.0,4.0,2.0,50.0,33,30,3,110.0
Shubman Gill,99,2,3216,2432,86,823,310,95,6,37.4,132.24,16.65,33.84,1608.0,1432.0,1142.0,34.0,125.39,1516.0,1104.0,38.0,137.32,268.0,186.0,14.0,144.09,48,30,1,160.0
Sikandar Raza,9,2,182,143,7,59,12,8,6,26.0,127.27,13.99,41.26,91.0,8.0,9.0,0.0,88.89,140.0,104.0,4.0,134.62,34.0,30.0,3.0,113.33,37,30,2,123.33
Simarjeet Singh,3,2,7,8,1,3,0,0,2,7.0,87.5,0.0,37.5,3.5,0.0,0.0,0.0,0.0,2.0,3.0,1.0,66.67,5.0,5.0,0.0,100.0,7,8,1,87.5
Sohail Tanvir,5,2,36,31,3,11,3,1,6,12.0,116.13,12.9,35.48,18.0,13.0,8.0,1.0,162.5,11.0,11.0,2.0,100.0,12.0,12.0,0.0,100.0,35,30,3,116.67
Sumit Kumar,3,2,18,26,2,19,2,1,6,9.0,69.23,11.54,73.08,9.0,0.0,2.0,0.0,0.0,16.0,16.0,1.0,100.0,2.0,8.0,1.0,25.0,18,26,2,69.23
Sunny Gupta,1,1,0,1,1,1,0,0,0,0.0,0.0,0.0,100.0,0.0,0.0,0.0,0.0,0.0,0.0,1.0,1.0,0.0,0.0,0.0,0.0,0.0,0,1,1,0.0
Sunny Singh,4,2,31,25,3,9,3,1,6,10.33,124.0,16.0,36.0,15.5,3.0,2.0,0.0,150.0,21.0,14.0,2.0,150.0,7.0,9.0,1.0,77.78,31,25,3,124.0
Swapnil Singh,8,2,41,29,4,13,3,3,6,10.25,141.38,20.69,44.83,20.5,0.0,0.0,0.0,0.0,15.0,9.0,0.0,166.67,26.0,20.0,4.0,130.0,41,29,4,141.38
T Banton,2,2,18,22,2,13,1,1,6,9.0,81.82,9.09,59.09,9.0,18.0,22.0,2.0,81.82,0.0,0.0,0.0,0.0,0.0,0.0,0.0,0.0,18,22,2,81.82
T Henderson,2,2,11,16,1,11,0,1,6,11.0,68.75,6.25,68.75,5.5,2.0,10.0,0.0,20.0,9.0,6.0,1.0,150.0,0.0,0.0,0.0,0.0,11,16,1,68.75
T Kohler-Cadmore,3,2,48,54,3,33,7,1,6,16.0,88.89,14.81,61.11,24.0,47.0,51.0,2.0,92.16,1.0,3.0,1.0,33.33,0.0,0.0,0.0,0.0,30,30,2,100.0
T Kohli,3,1,11,20,3,14,0,1,6,3.67,55.0,5.0,70.0,11.0,7.0,13.0,1.0,53.85,0.0,1.0,0.0,0.0,4.0,6.0,2.0,66.67,11,20,3,55.0
T Natarajan,2,1,3,5,0,2,0,0,1,3.0,60.0,0.0,40.0,3.0,0.0,0.0,0.0,0.0,0.0,0.0,0.0,0.0,3.0,5.0,0.0,60.0,3,5,0,60.0
T Shamsi,1,1,2,4,0,2,0,0,1,2.0,50.0,0.0,50.0,2.0,0.0,0.0,0.0,0.0,0.0,0.0,0.0,0.0,2.0,4.0,0.0,50.0,2,4,0,50.0
T Stubbs,17,2,405,239,9,64,26,26,6,45.0,169.46,21.76,26.78,202.5,10.0,9.0,1.0,111.11,162.0,145.0,6.0,111.72,233.0,85.0,2.0,274.12,60,30,0,200.0
T Taibu,3,1,31,26,3,9,3,0,4,10.33,119.23,11.54,34.62,31.0,0.0,0.0,0.0,0.0,22.0,21.0,2.0,104.76,9.0,5.0,1.0,180.0,31,26,3,119.23
T Thushara,4,2,12,19,2,10,0,0,2,6.0,63.16,0.0,52.63,6.0,0.0,0.0,0.0,0.0,0.0,0.0,0.0,0.0,12.0,19.0,2.0,63.16,12,19,2,63.16
TA Boult,22,2,83,82,7,38,5,3,6,11.86,101.22,9.76,46.34,41.5,0.0,0.0,0.0,0.0,16.0,17.0,1.0,94.12,67.0,65.0,6.0,103.08,26,30,2,86.67
TG Southee,17,2,88,93,10,43,7,1,6,8.8,94.62,8.6,46.24,44.0,0.0,0.0,0.0,0.0,16.0,29.0,4.0,55.17,72.0,64.0,6.0,112.5,19,30,6,63.33
TH David,35,2,659,417,23,140,38,46,6,28.65,158.03,20.14,33.57,329.5,0.0,0.0,0.0,0.0,207.0,173.0,7.0,119.65,452.0,244.0,16.0,185.25,41,30,2,136.67
TK Curran,10,2,127,108,5,37,10,3,6,25.4,117.59,12.04,34.26,63.5,0.0,0.0,0.0,0.0,69.0,64.0,1.0,107.81,58.0,44.0,4.0,131.82,34,30,2,113.33
TL Seifert,3,2,26,26,3,15,4,0,4,8.67,100.0,15.38,57.69,13.0,24.0,21.0,2.0,114.29,0.0,0.0,0.0,0.0,2.0,5.0,1.0,40.0,26,26,3,100.0
TL Suman,33,2,588,513,24,220,44,23,6,24.5,114.62,13.06,42.88,294.0,146.0,139.0,12.0,105.04,346.0,299.0,9.0,115.72,96.0,75.0,3.0,128.0,21,30,4,70.0
TM Dilshan,44,2,995,899,37,422,119,22,6,26.89,110.68,15.68,46.94,497.5,421.0,380.0,17.0,110.79,415.0,429.0,16.0,96.74,159.0,90.0,4.0,176.67,24,30,2,80.0
TM Head,21,2,734,427,18,137,74,39,6,40.78,171.9,26.46,32.08,367.0,410.0,205.0,6.0,200.0,251.0,187.0,10.0,134.22,73.0,35.0,2.0,208.57,34,30,3,113.33
TM Srivastava,3,2,8,11,1,5,0,0,3,8.0,72.73,0.0,45.45,4.0,0.0,0.0,0.0,0.0,4.0,7.0,0.0,57.14,4.0,4.0,1.0,100.0,8,11,1,72.73
TR Birt,3,1,28,31,3,18,2,1,6,9.33,90.32,9.68,58.06,28.0,0.0,0.0,0.0,0.0,16.0,24.0,2.0,66.67,12.0,7.0,1.0,171.43,28,30,3,93.33
TS Mills,5,2,8,14,4,11,0,1,6,2.0,57.14,7.14,78.57,4.0,0.0,0.0,0.0,0.0,2.0,5.0,1.0,40.0,6.0,9.0,3.0,66.67,8,14,4,57.14
TU Deshpande,4,2,21,15,1,6,2,1,6,21.0,140.0,20.0,40.0,10.5,0.0,0.0,0.0,0.0,0.0,0.0,0.0,0.0,21.0,15.0,1.0,140.0,21,15,1,140.0
Tanush Kotian,1,1,24,32,1,18,3,0,4,24.0,75.0,9.38,56.25,24.0,18.0,21.0,0.0,85.71,6.0,11.0,1.0,54.55,0.0,0.0,0.0,0.0,24,30,1,80.0
Tilak Varma,38,2,1156,830,28,289,90,58,6,41.29,139.28,17.83,34.82,578.0,109.0,90.0,3.0,121.11,855.0,617.0,16.0,138.57,192.0,123.0,9.0,156.1,44,30,1,146.67
U Kaul,1,1,0,1,0,1,0,0,0,0.0,0.0,0.0,100.0,0.0,0.0,0.0,0.0,0.0,0.0,0.0,0.0,0.0,0.0,1.0,0.0,0.0,0,1,0,0.0
UBT Chand,19,2,283,294,19,160,30,9,6,14.89,96.26,13.27,54.42,141.5,116.0,142.0,9.0,81.69,160.0,144.0,7.0,111.11,7.0,8.0,3.0,87.5,24,30,4,80.0
UT Yadav,45,2,191,197,21,103,16,8,6,9.1,96.95,12.18,52.28,95.5,0.0,0.0,0.0,0.0,24.0,40.0,6.0,60.0,167.0,157.0,15.0,106.37,23,30,3,76.67
Umar Gul,4,2,39,19,3,8,1,5,6,13.0,205.26,31.58,42.11,19.5,0.0,0.0,0.0,0.0,18.0,5.0,0.0,360.0,21.0,14.0,3.0,150.0,39,19,3,205.26
Umran Malik,5,2,23,16,1,8,1,2,6,23.0,143.75,18.75,50.0,11.5,0.0,0.0,0.0,0.0,0.0,0.0,0.0,0.0,23.0,16.0,1.0,143.75,23,16,1,143.75
V Kohli,227,3,7281,5698,204,2027,646,246,6,35.69,127.78,15.65,35.57,2427.0,2591.0,2163.0,65.0,119.79,3794.0,3047.0,100.0,124.52,896.0,488.0,39.0,183.61,47,30,2,156.67
V Pratap Singh,1,1,0,1,1,1,0,0,0,0.0,0.0,0.0,100.0,0.0,0.0,0.0,0.0,0.0,0.0,0.0,0.0,0.0,0.0,1.0,1.0,0.0,0,1,1,0.0
V Sehwag,97,2,2413,1630,91,661,299,91,6,26.52,148.04,23.93,40.55,1206.5,1473.0,1073.0,58.0,137.28,917.0,546.0,31.0,167.95,23.0,11.0,2.0,209.09,24,30,5,80.0
V Shankar,57,2,1052,846,43,301,71,45,6,24.47,124.35,13.71,35.58,526.0,97.0,107.0,5.0,90.65,572.0,513.0,22.0,111.5,383.0,226.0,16.0,169.47,38,30,3,126.67
V Viyaskanth,1,1,7,5,0,0,0,0,3,7.0,140.0,0.0,0.0,7.0,0.0,0.0,0.0,0.0,0.0,0.0,0.0,0.0,7.0,5.0,0.0,140.0,7,5,0,140.0
VG Arora,7,2,9,17,2,9,0,0,2,4.5,52.94,0.0,52.94,4.5,0.0,0.0,0.0,0.0,0.0,0.0,0.0,0.0,9.0,17.0,2.0,52.94,9,17,2,52.94
VH Zol,2,1,29,26,2,13,3,1,6,14.5,111.54,15.38,50.0,29.0,22.0,21.0,1.0,104.76,7.0,5.0,1.0,140.0,0.0,0.0,0.0,0.0,29,26,2,111.54
VR Aaron,12,2,50,73,4,43,2,2,6,12.5,68.49,5.48,58.9,25.0,0.0,0.0,0.0,0.0,1.0,5.0,0.0,20.0,49.0,68.0,4.0,72.06,14,30,3,46.67
VR Iyer,49,2,1326,1000,43,405,121,61,6,30.84,132.6,18.2,40.5,663.0,592.0,462.0,18.0,128.14,669.0,492.0,17.0,135.98,65.0,46.0,8.0,141.3,59,30,0,196.67
VRV Singh,2,2,4,3,1,2,1,0,4,4.0,133.33,33.33,66.67,2.0,0.0,0.0,0.0,0.0,0.0,0.0,0.0,0.0,4.0,3.0,1.0,133.33,4,3,1,133.33
VS Malik,2,2,7,7,1,3,1,0,4,7.0,100.0,14.29,42.86,3.5,0.0,0.0,0.0,0.0,0.0,0.0,0.0,0.0,7.0,7.0,1.0,100.0,7,7,1,100.0
VS Yeligati,1,1,2,2,1,1,0,0,2,2.0,100.0,0.0,50.0,2.0,0.0,0.0,0.0,0.0,0.0,0.0,0.0,0.0,2.0,2.0,1.0,100.0,2,2,1,100.0
VVS Laxman,17,2,238,229,14,102,30,3,6,17.0,103.93,14.41,44.54,119.0,156.0,159.0,8.0,98.11,80.0,66.0,5.0,121.21,2.0,4.0,1.0,50.0,20,30,2,66.67
VY Mahesh,5,2,15,28,2,15,0,0,2,7.5,53.57,0.0,53.57,7.5,0.0,0.0,0.0,0.0,3.0,10.0,1.0,30.0,12.0,18.0,1.0,66.67,15,28,2,53.57
Vijaykumar Vyshak,4,2,14,13,2,5,0,1,6,7.0,107.69,7.69,38.46,7.0,0.0,0.0,0.0,0.0,0.0,0.0,0.0,0.0,14.0,13.0,2.0,107.69,14,13,2,107.69
Virat Singh,2,1,15,26,3,14,1,0,4,5.0,57.69,3.85,53.85,15.0,0.0,2.0,0.0,0.0,15.0,24.0,3.0,62.5,0.0,0.0,0.0,0.0,15,26,3,57.69
Vishnu Vinod,6,2,56,58,6,27,3,3,6,9.33,96.55,10.34,46.55,28.0,10.0,21.0,2.0,47.62,37.0,30.0,2.0,123.33,9.0,7.0,2.0,128.57,35,30,3,116.67
Vivrant Sharma,1,1,69,49,1,18,9,2,6,69.0,140.82,22.45,36.73,69.0,27.0,24.0,0.0,112.5,42.0,25.0,1.0,168.0,0.0,0.0,0.0,0.0,51,30,1,170.0
W Jaffer,8,2,130,129,7,64,14,3,6,18.57,100.78,13.18,49.61,65.0,77.0,95.0,5.0,81.05,53.0,34.0,2.0,155.88,0.0,0.0,0.0,0.0,20,30,4,66.67
WA Mota,8,2,56,76,5,30,2,0,4,11.2,73.68,2.63,39.47,28.0,0.0,0.0,0.0,0.0,43.0,62.0,2.0,69.35,13.0,14.0,3.0,92.86,17,30,3,56.67
WD Parnell,2,2,4,8,2,5,0,0,2,2.0,50.0,0.0,62.5,2.0,0.0,0.0,0.0,0.0,0.0,0.0,0.0,0.0,4.0,8.0,2.0,50.0,4,8,2,50.0
WG Jacks,8,2,230,133,6,48,16,18,6,38.33,172.93,25.56,36.09,115.0,73.0,49.0,2.0,148.98,157.0,84.0,4.0,186.9,0.0,0.0,0.0,0.0,41,30,1,136.67
WP Saha,134,2,2778,2233,114,888,287,81,6,24.37,124.41,16.48,39.77,1389.0,1350.0,1044.0,53.0,129.31,1054.0,944.0,39.0,111.65,374.0,245.0,22.0,152.65,27,30,3,90.0
WPUJC Vaas,11,2,81,73,7,24,2,3,6,11.57,110.96,6.85,32.88,40.5,0.0,0.0,0.0,0.0,26.0,24.0,0.0,108.33,55.0,49.0,7.0,112.24,28,30,3,93.33
Washington Sundar,33,2,369,329,27,129,32,9,6,13.67,112.16,12.46,39.21,184.5,17.0,26.0,1.0,65.38,149.0,170.0,8.0,87.65,203.0,133.0,18.0,152.63,43,30,3,143.33
X Thalaivan Sargunam,1,1,10,17,1,9,0,0,2,10.0,58.82,0.0,52.94,10.0,0.0,0.0,0.0,0.0,10.0,17.0,1.0,58.82,0.0,0.0,0.0,0.0,10,17,1,58.82
Y Nagar,17,2,221,197,12,83,15,9,6,18.42,112.18,12.18,42.13,110.5,2.0,2.0,0.0,100.0,90.0,101.0,1.0,89.11,129.0,94.0,11.0,137.23,32,30,0,106.67
Y Prithvi Raj,1,1,0,1,0,1,0,0,0,0.0,0.0,0.0,100.0,0.0,0.0,0.0,0.0,0.0,0.0,0.0,0.0,0.0,0.0,1.0,0.0,0.0,0,1,0,0.0
Y Venugopal Rao,48,2,913,795,39,322,71,34,6,23.41,114.84,13.21,40.5,456.5,75.0,92.0,3.0,81.52,544.0,507.0,18.0,107.3,294.0,196.0,18.0,150.0,32,30,2,106.67
YA Abdulla,1,1,0,1,0,1,0,0,0,0.0,0.0,0.0,100.0,0.0,0.0,0.0,0.0,0.0,0.0,0.0,0.0,0.0,0.0,1.0,0.0,0.0,0,1,0,0.0
YBK Jaiswal,52,2,1607,1095,49,459,199,64,6,32.8,146.76,24.02,41.92,803.5,1009.0,677.0,25.0,149.04,550.0,397.0,23.0,138.54,48.0,21.0,1.0,228.57,53,30,2,176.67
YK Pathan,140,3,2880,2076,101,782,230,149,6,28.51,138.73,18.26,37.67,960.0,317.0,231.0,12.0,137.23,1781.0,1357.0,60.0,131.25,782.0,488.0,29.0,160.25,23,30,2,76.67
YS Chahal,14,2,31,76,5,49,0,0,3,6.2,40.79,0.0,64.47,15.5,0.0,0.0,0.0,0.0,5.0,25.0,2.0,20.0,26.0,51.0,3.0,50.98,15,30,1,50.0
YV Dhull,3,2,16,23,3,10,1,0,4,5.33,69.57,4.35,43.48,8.0,2.0,9.0,1.0,22.22,14.0,14.0,2.0,100.0,0.0,0.0,0.0,0.0,16,23,3,69.57
YV Takawale,10,2,192,183,8,100,26,3,6,24.0,104.92,15.85,54.64,96.0,121.0,137.0,5.0,88.32,42.0,33.0,3.0,127.27,29.0,13.0,0.0,223.08,39,30,2,130.0
Yash Dayal,1,1,0,1,1,1,0,0,0,0.0,0.0,0.0,100.0,0.0,0.0,0.0,0.0,0.0,0.0,0.0,0.0,0.0,0.0,1.0,1.0,0.0,0,1,1,0.0
Yashpal Singh,4,2,47,67,4,39,5,0,4,11.75,70.15,7.46,58.21,23.5,17.0,37.0,1.0,45.95,19.0,20.0,2.0,95.0,11.0,10.0,1.0,110.0,17,30,2,56.67
Younis Khan,1,1,3,7,1,4,0,0,1,3.0,42.86,0.0,57.14,3.0,3.0,7.0,1.0,42.86,0.0,0.0,0.0,0.0,0.0,0.0,0.0,0.0,3,7,1,42.86
Yudhvir Singh,4,2,22,16,4,8,1,2,6,5.5,137.5,18.75,50.0,11.0,0.0,0.0,0.0,0.0,21.0,13.0,1.0,161.54,1.0,3.0,3.0,33.33,22,16,4,137.5
Yuvraj Singh,96,3,2090,1653,84,724,174,112,6,24.88,126.44,17.3,43.8,696.67,148.0,156.0,8.0,94.87,1491.0,1230.0,51.0,121.22,451.0,267.0,25.0,168.91,22,30,2,73.33
Z Khan,27,2,117,141,15,74,11,2,6,7.8,82.98,9.22,52.48,58.5,0.0,3.0,1.0,0.0,16.0,40.0,3.0,40.0,101.0,98.0,11.0,103.06,17,30,3,56.67
