bowler,total_matches,total_balls,total_runs_conceded,total_wickets,total_maidens,dot_balls,overs_bowled,bowling_average,economy_rate,strike_rate,dot_percentage,fours_conceded,sixes_conceded,pp_wickets,pp_economy,middle_wickets,middle_economy,death_wickets,death_economy,recent_runs,recent_balls,recent_wickets,recent_economy
A Ashish Reddy,17,215,315,15,68,78,35.83,21.0,8.79,14.33,36.28,24.0,15.0,0.0,20.0,9.0,8.34,6.0,8.88,55,30,1,11.0
A Badoni,5,25,37,2,5,6,4.17,18.5,8.88,12.5,24.0,1.0,2.0,0.0,0.0,2.0,9.25,0.0,0.0,37,25,2,8.879999999999999
A Chandila,10,198,209,7,87,89,33.0,29.86,6.33,28.29,44.95,12.0,10.0,6.0,5.63,1.0,7.38,0.0,6.0,40,30,1,8.0
A Choudhary,4,94,123,5,37,42,15.67,24.6,7.85,18.8,44.68,11.0,5.0,3.0,7.46,1.0,7.4,1.0,8.89,31,30,2,6.200000000000001
A Dananjaya,1,25,47,0,6,7,4.17,47.0,11.28,25.0,28.0,2.0,4.0,0.0,12.0,0.0,11.05,0.0,0.0,47,25,0,11.28
A Flintoff,3,66,106,2,20,21,11.0,53.0,9.64,33.0,31.82,7.0,7.0,0.0,10.5,1.0,5.5,1.0,17.33,57,30,0,11.399999999999999
A Kamboj,3,68,115,2,19,27,11.33,57.5,10.15,34.0,39.71,10.0,6.0,1.0,10.94,1.0,9.35,0.0,0.0,58,30,0,11.6
A Kumble,42,983,1089,49,374,410,163.83,22.22,6.65,20.06,41.71,72.0,35.0,3.0,4.95,31.0,6.7,15.0,7.93,34,30,4,6.8
A Mishra,147,3153,3871,166,1084,1172,525.5,23.32,7.37,18.99,37.17,219.0,172.0,6.0,7.23,134.0,7.14,26.0,9.69,53,30,2,10.6
A Mithun,13,261,409,6,76,96,43.5,68.17,9.4,43.5,36.78,38.0,18.0,1.0,8.38,2.0,8.66,3.0,11.32,53,30,1,10.6
A Nehra,69,1556,1990,100,645,717,259.33,19.9,7.67,15.56,46.08,222.0,59.0,42.0,7.32,14.0,7.93,44.0,8.46,49,30,4,9.8
A Nel,1,18,31,1,7,7,3.0,31.0,10.33,18.0,38.89,3.0,2.0,1.0,12.0,0.0,11.0,0.0,8.0,31,18,1,10.333333333333334
A Nortje,46,1097,1614,62,401,465,182.83,26.03,8.83,17.69,42.39,151.0,73.0,22.0,8.17,17.0,8.47,23.0,9.95,57,30,1,11.399999999999999
A Singh,21,443,580,30,176,197,73.83,19.33,7.86,14.77,44.47,59.0,17.0,13.0,6.57,1.0,6.98,16.0,10.55,57,30,2,11.399999999999999
A Symonds,29,534,687,23,186,215,89.0,29.87,7.72,23.22,40.26,44.0,32.0,5.0,5.59,12.0,7.86,6.0,11.35,44,30,1,8.799999999999999
A Uniyal,2,38,67,3,8,11,6.33,22.33,10.58,12.67,28.95,6.0,3.0,1.0,10.15,0.0,18.0,2.0,8.53,58,30,2,11.6
A Zampa,9,200,281,11,59,62,33.33,25.55,8.43,18.18,31.0,18.0,14.0,3.0,6.5,7.0,7.76,1.0,15.25,29,30,3,5.8
AA Chavan,11,236,303,8,94,107,39.33,37.88,7.7,29.5,45.34,27.0,13.0,3.0,6.35,4.0,8.93,1.0,16.5,45,30,1,9.0
AA Jhunjhunwala,8,75,108,1,26,29,12.5,108.0,8.64,75.0,38.67,9.0,4.0,0.0,8.81,1.0,8.43,0.0,12.0,37,30,1,7.4
AA Kazi,1,13,21,1,2,3,2.17,21.0,9.69,13.0,23.08,1.0,1.0,0.0,0.0,1.0,9.69,0.0,0.0,21,13,1,9.692307692307693
AA Noffke,1,25,41,1,6,8,4.17,41.0,9.84,25.0,32.0,2.0,2.0,0.0,19.71,0.0,5.5,1.0,7.0,41,25,1,9.84
AB Agarkar,40,778,1132,31,240,295,129.67,36.52,8.73,25.1,37.92,111.0,40.0,6.0,9.12,17.0,8.23,8.0,9.58,52,30,0,10.4
AB Dinda,42,849,1066,37,346,392,141.5,28.81,7.53,22.95,46.17,120.0,24.0,19.0,7.39,9.0,6.27,9.0,10.51,60,30,0,12.0
AB McDonald,10,188,263,14,50,54,31.33,18.79,8.39,13.43,28.72,20.0,11.0,3.0,8.93,7.0,7.72,4.0,10.2,33,30,2,6.6000000000000005
AC Gilchrist,1,1,0,1,1,1,0.17,0.0,0.0,1.0,100.0,0.0,0.0,0.0,0.0,0.0,0.0,1.0,0.0,0,1,1,0.0
AC Voges,7,56,76,1,15,17,9.33,76.0,8.14,56.0,30.36,8.0,2.0,0.0,12.0,1.0,7.3,0.0,5.0,54,30,0,10.8
AD Mascarenhas,11,261,313,13,105,111,43.5,24.08,7.2,20.08,42.53,31.0,7.0,9.0,7.84,4.0,6.0,0.0,10.5,35,30,0,7.0
AD Mathews,25,461,655,15,124,144,76.83,43.67,8.52,30.73,31.24,63.0,20.0,5.0,9.04,6.0,8.41,4.0,8.49,56,30,0,11.2
AD Russell,109,1728,2642,123,564,662,288.0,21.48,9.17,14.05,38.31,247.0,117.0,21.0,8.41,49.0,8.68,53.0,10.74,51,30,4,10.2
AF Milne,7,140,227,5,45,54,23.33,45.4,9.73,28.0,38.57,23.0,10.0,3.0,9.87,2.0,7.81,0.0,13.14,46,30,1,9.200000000000001
AG Murtaza,6,146,160,7,57,62,24.33,22.86,6.58,20.86,42.47,9.0,6.0,2.0,3.86,5.0,7.55,0.0,9.43,27,30,0,5.4
AJ Finch,2,20,18,0,8,9,3.33,18.0,5.4,20.0,45.0,1.0,0.0,0.0,0.0,0.0,5.37,0.0,6.0,18,20,0,5.4
AJ Hosein,1,24,41,1,5,6,4.0,41.0,10.25,24.0,25.0,4.0,2.0,0.0,10.33,1.0,10.0,0.0,0.0,41,24,1,10.25
AJ Tye,24,586,859,36,164,202,97.67,23.86,8.8,16.28,34.47,79.0,29.0,10.0,8.15,7.0,8.38,19.0,9.88,44,30,0,8.799999999999999
AK Markram,14,123,173,2,32,35,20.5,86.5,8.44,61.5,28.46,12.0,8.0,0.0,6.77,2.0,9.03,0.0,6.0,47,30,1,9.4
AL Menaria,11,107,134,3,38,41,17.83,44.67,7.51,35.67,38.32,13.0,4.0,1.0,6.14,2.0,7.68,0.0,11.54,46,30,1,9.200000000000001
AM Nayar,15,168,237,6,48,55,28.0,39.5,8.46,28.0,32.74,15.0,12.0,0.0,10.0,5.0,8.38,1.0,9.0,50,30,1,10.0
AM Rahane,1,6,5,1,2,2,1.0,5.0,5.0,6.0,33.33,0.0,0.0,0.0,0.0,1.0,5.0,0.0,0.0,5,6,1,5.0
AM Salvi,7,156,205,7,57,67,26.0,29.29,7.88,22.29,42.95,18.0,7.0,1.0,7.07,4.0,8.28,2.0,8.9,50,30,2,10.0
AN Ahmed,15,320,469,11,102,123,53.33,42.64,8.79,29.09,38.44,38.0,20.0,1.0,8.18,4.0,7.81,6.0,11.19,70,30,1,14.0
AP Dole,3,73,114,5,20,28,12.17,22.8,9.37,14.6,38.36,11.0,4.0,2.0,10.63,2.0,7.55,1.0,11.14,40,30,2,8.0
AR Patel,140,2990,3609,122,977,1061,498.33,29.58,7.24,24.51,35.48,221.0,146.0,17.0,7.74,90.0,7.05,15.0,8.28,51,30,1,10.2
AS Joseph,22,454,707,22,162,191,75.67,32.14,9.34,20.64,42.07,53.0,43.0,2.0,9.66,11.0,8.89,9.0,10.08,64,30,1,12.8
AS Rajpoot,27,532,793,22,184,232,88.67,36.05,8.94,24.18,43.61,85.0,30.0,8.0,8.77,6.0,7.78,8.0,11.38,66,30,0,13.200000000000001
AS Raut,5,30,45,0,6,7,5.0,45.0,9.0,30.0,23.33,4.0,1.0,0.0,0.0,0.0,9.0,0.0,0.0,45,30,0,9.0
AS Roy,9,142,191,6,48,54,23.67,31.83,8.07,23.67,38.03,14.0,10.0,1.0,10.71,5.0,6.88,0.0,9.0,57,30,1,11.399999999999999
AU Rashid,3,60,91,2,20,20,10.0,45.5,9.1,30.0,33.33,4.0,7.0,0.0,0.0,2.0,9.1,0.0,0.0,43,30,2,8.6
AUK Pathan,2,27,44,0,6,6,4.5,44.0,9.78,27.0,22.22,4.0,2.0,0.0,0.0,0.0,10.0,0.0,9.33,44,27,0,9.777777777777777
Abdul Samad,5,55,113,2,11,12,9.17,56.5,12.33,27.5,21.82,6.0,8.0,0.0,0.0,2.0,11.62,0.0,17.14,72,30,1,14.399999999999999
Abdur Razzak,1,14,29,0,5,6,2.33,29.0,12.43,14.0,42.86,3.0,1.0,0.0,0.0,0.0,12.43,0.0,0.0,29,14,0,12.42857142857143
Abhishek Sharma,26,278,396,11,70,83,46.33,36.0,8.55,25.27,29.86,25.0,18.0,0.0,8.32,11.0,8.53,0.0,11.0,34,30,2,6.8
Akash Deep,8,175,324,8,55,66,29.17,40.5,11.11,21.88,37.71,21.0,24.0,3.0,9.12,4.0,11.12,1.0,14.79,74,30,1,14.8
Akash Madhwal,13,279,431,22,83,100,46.5,19.59,9.27,12.68,35.84,39.0,18.0,5.0,7.56,9.0,10.33,8.0,9.21,65,30,2,13.0
Akash Singh,7,141,227,5,53,56,23.5,45.4,9.66,28.2,39.72,24.0,12.0,3.0,9.35,1.0,10.65,1.0,10.0,63,30,0,12.600000000000001
Aman Hakim Khan,1,6,13,0,1,1,1.0,13.0,13.0,6.0,16.67,1.0,1.0,0.0,0.0,0.0,13.0,0.0,0.0,13,6,0,13.0
Anand Rajan,8,162,206,10,57,75,27.0,20.6,7.63,16.2,46.3,17.0,8.0,0.0,6.13,5.0,6.43,5.0,12.94,26,30,1,5.2
Ankit Sharma,15,275,333,9,107,113,45.83,37.0,7.27,30.56,41.09,21.0,14.0,4.0,5.61,5.0,8.17,0.0,36.0,50,30,0,10.0
Anureet Singh,22,430,636,21,139,166,71.67,30.29,8.87,20.48,38.6,65.0,22.0,7.0,7.19,4.0,9.56,10.0,10.39,58,30,2,11.6
Arjun Tendulkar,5,83,117,4,30,42,13.83,29.25,8.46,20.75,50.6,10.0,5.0,1.0,5.7,1.0,19.41,2.0,5.0,46,30,1,9.200000000000001
Arshad Khan,9,153,282,6,44,65,25.5,47.0,11.06,25.5,42.48,32.0,14.0,2.0,9.75,2.0,11.11,2.0,15.2,50,30,0,10.0
Arshad Khan (2),1,13,25,0,4,6,2.17,25.0,11.54,13.0,46.15,5.0,0.0,0.0,0.0,0.0,11.54,0.0,0.0,25,13,0,11.538461538461538
Arshdeep Singh,65,1453,2097,84,472,588,242.17,24.96,8.66,17.3,40.47,217.0,65.0,29.0,8.34,14.0,8.49,41.0,9.29,43,30,2,8.6
Atharva Taide,1,1,4,0,0,0,0.17,4.0,24.0,1.0,0.0,1.0,0.0,0.0,0.0,0.0,0.0,0.0,24.0,4,1,0,24.0
Avesh Khan,62,1390,2010,81,491,565,231.67,24.81,8.68,17.16,40.65,201.0,79.0,21.0,8.81,27.0,7.7,33.0,9.39,32,30,5,6.4
Azhar Mahmood,21,504,644,26,183,201,84.0,24.77,7.67,19.38,39.88,65.0,17.0,5.0,6.46,8.0,6.98,13.0,9.69,47,30,3,9.4
Azmatullah Omarzai,7,131,194,4,52,62,21.83,48.5,8.89,32.75,47.33,26.0,6.0,3.0,9.0,1.0,4.62,0.0,16.0,46,30,0,9.200000000000001
B Akhil,12,180,224,7,56,64,30.0,32.0,7.47,25.71,35.56,16.0,8.0,0.0,12.0,6.0,6.58,1.0,12.9,24,30,2,4.800000000000001
B Chipli,1,6,20,0,1,1,1.0,20.0,20.0,6.0,16.67,1.0,2.0,0.0,0.0,0.0,20.0,0.0,0.0,20,6,0,20.0
B Geeves,2,49,91,2,15,16,8.17,45.5,11.14,24.5,32.65,17.0,1.0,1.0,12.0,1.0,10.25,0.0,0.0,60,30,1,12.0
B Kumar,136,3178,4059,154,1269,1454,529.67,26.36,7.66,20.64,45.75,417.0,123.0,58.0,6.55,18.0,8.42,78.0,9.31,58,30,0,11.6
B Laughlin,9,179,284,10,42,54,29.83,28.4,9.52,17.9,30.17,26.0,10.0,3.0,9.89,4.0,7.34,3.0,11.82,49,30,4,9.8
B Lee,35,842,1020,29,346,402,140.33,35.17,7.27,29.03,47.74,110.0,22.0,12.0,6.8,5.0,6.63,12.0,8.47,34,30,1,6.8
B Stanlake,6,150,200,7,64,70,25.0,28.57,8.0,21.43,46.67,19.0,9.0,2.0,7.48,5.0,8.51,0.0,11.0,39,30,0,7.800000000000001
BA Bhatt,13,252,333,12,78,85,42.0,27.75,7.93,21.0,33.73,31.0,9.0,3.0,7.46,7.0,8.19,2.0,7.95,32,30,1,6.4
BA Stokes,26,449,696,17,120,155,74.83,40.94,9.3,26.41,34.52,69.0,22.0,4.0,10.25,6.0,7.98,7.0,11.06,62,30,1,12.400000000000002
BAW Mendis,7,176,228,7,47,54,29.33,32.57,7.77,25.14,30.68,10.0,10.0,0.0,8.48,6.0,7.18,1.0,9.4,50,30,1,10.0
BB Sran,20,429,655,17,142,177,71.5,38.53,9.16,25.24,41.26,63.0,26.0,6.0,8.82,4.0,9.78,7.0,8.96,66,30,1,13.200000000000001
BCJ Cutting,15,252,381,10,68,76,42.0,38.1,9.07,25.2,30.16,39.0,14.0,0.0,9.27,9.0,7.99,1.0,12.5,56,30,1,11.2
BE Hendricks,7,157,239,11,52,61,26.17,21.73,9.13,14.27,38.85,24.0,7.0,1.0,10.12,3.0,7.68,7.0,9.35,36,30,2,7.199999999999999
BJ Hodge,16,171,233,10,47,54,28.5,23.3,8.18,17.1,31.58,11.0,11.0,0.0,9.08,10.0,7.78,0.0,11.0,41,30,2,8.2
BJ Rohrer,1,7,12,0,1,2,1.17,12.0,10.29,7.0,28.57,2.0,0.0,0.0,0.0,0.0,10.29,0.0,0.0,12,7,0,10.285714285714285
BMAJ Mendis,2,30,36,1,11,11,5.0,36.0,7.2,30.0,36.67,2.0,2.0,0.0,0.0,1.0,7.2,0.0,0.0,36,30,1,7.199999999999999
BW Hilfenhaus,17,390,497,23,173,200,65.0,21.61,7.65,16.96,51.28,48.0,21.0,13.0,6.19,4.0,9.55,6.0,10.72,55,30,1,11.0
Basil Thampi,13,261,434,11,76,92,43.5,39.45,9.98,23.73,35.25,35.0,24.0,0.0,9.44,5.0,9.13,6.0,12.18,51,30,2,10.2
Bipul Sharma,20,287,363,15,87,99,47.83,24.2,7.59,19.13,34.49,15.0,18.0,4.0,5.23,11.0,7.59,0.0,23.0,37,30,2,7.4
C Ganapathy,1,6,13,0,1,1,1.0,13.0,13.0,6.0,16.67,1.0,1.0,0.0,0.0,0.0,13.0,0.0,0.0,13,6,0,13.0
C Green,29,462,675,20,149,183,77.0,33.75,8.77,23.1,39.61,58.0,31.0,3.0,8.25,15.0,8.4,2.0,12.0,37,30,2,7.4
C Munro,2,12,15,0,5,5,2.0,15.0,7.5,12.0,41.67,1.0,1.0,0.0,0.0,0.0,7.5,0.0,0.0,15,12,0,7.5
C Nanda,3,50,58,2,13,16,8.33,29.0,6.96,25.0,32.0,1.0,2.0,0.0,0.0,2.0,6.96,0.0,0.0,36,30,1,7.199999999999999
C Sakariya,19,460,610,20,143,181,76.67,30.5,7.96,23.0,39.35,49.0,21.0,6.0,6.4,6.0,8.35,8.0,9.98,42,30,2,8.399999999999999
C de Grandhomme,17,216,302,7,56,73,36.0,43.14,8.39,30.86,33.8,21.0,12.0,0.0,5.57,7.0,8.66,0.0,6.0,54,30,0,10.8
CH Gayle,33,518,706,13,145,181,86.33,54.31,8.18,39.85,34.94,44.0,27.0,3.0,7.79,6.0,7.67,4.0,10.37,32,30,2,6.4
CH Morris,75,1681,2228,98,625,727,280.17,22.73,7.95,17.15,43.25,206.0,77.0,22.0,7.56,18.0,7.86,58.0,8.47,48,30,0,9.600000000000001
CJ Anderson,18,268,455,13,69,88,44.67,35.0,10.19,20.62,32.84,49.0,19.0,2.0,9.81,6.0,8.82,5.0,13.7,70,30,2,14.0
CJ Dala,1,19,34,0,7,8,3.17,34.0,10.74,19.0,42.11,3.0,2.0,0.0,14.57,0.0,8.5,0.0,0.0,34,19,0,10.736842105263158
CJ Green,1,17,24,0,6,6,2.83,24.0,8.47,17.0,35.29,4.0,0.0,0.0,8.0,0.0,0.0,0.0,9.6,24,17,0,8.470588235294118
CJ Jordan,31,646,1025,27,183,233,107.67,37.96,9.52,23.93,36.07,93.0,42.0,5.0,9.18,9.0,7.66,13.0,11.75,56,30,0,11.2
CJ McKay,2,42,60,1,14,14,7.0,60.0,8.57,42.0,33.33,8.0,1.0,0.0,13.0,1.0,4.67,0.0,10.0,43,30,1,8.6
CK Kapugedera,3,17,49,0,0,0,2.83,49.0,17.29,17.0,0.0,5.0,3.0,0.0,0.0,0.0,18.55,0.0,15.0,49,17,0,17.294117647058822
CK Langeveldt,7,165,199,13,69,84,27.5,15.31,7.24,12.69,50.91,17.0,8.0,6.0,6.6,3.0,8.25,4.0,7.81,56,30,2,11.2
CL White,5,40,84,1,4,8,6.67,84.0,12.6,40.0,20.0,5.0,6.0,0.0,0.0,1.0,12.6,0.0,0.0,57,30,1,11.399999999999999
CR Brathwaite,14,229,329,15,67,81,38.17,21.93,8.62,15.27,35.37,31.0,11.0,1.0,7.67,9.0,8.55,5.0,9.38,46,30,1,9.200000000000001
CR Woakes,17,390,561,27,138,169,65.0,20.78,8.63,14.44,43.33,58.0,22.0,5.0,8.48,8.0,6.41,14.0,10.36,51,30,1,10.2
CRD Fernando,10,249,306,19,99,119,41.5,16.11,7.37,13.11,47.79,30.0,9.0,7.0,6.59,5.0,6.47,7.0,9.23,28,30,2,5.6
CV Varun,70,1624,2042,85,582,638,270.67,24.02,7.54,19.11,39.29,133.0,94.0,13.0,7.52,64.0,7.2,8.0,9.84,26,30,2,5.2
D Brevis,1,3,8,1,1,1,0.5,8.0,16.0,3.0,33.33,2.0,0.0,0.0,0.0,0.0,0.0,1.0,16.0,8,3,1,16.0
D Jansen,1,28,53,1,6,10,4.67,53.0,11.36,28.0,35.71,3.0,4.0,0.0,13.71,0.0,13.0,1.0,9.6,53,28,1,11.357142857142858
D Kalyankrishna,3,50,88,2,10,13,8.33,44.0,10.56,25.0,26.0,8.0,4.0,0.0,0.0,2.0,10.56,0.0,0.0,53,30,1,10.6
D Pretorius,7,166,242,7,42,62,27.67,34.57,8.75,23.71,37.35,14.0,11.0,0.0,0.0,5.0,6.59,2.0,11.43,31,30,1,6.200000000000001
D Salunkhe,5,51,80,1,13,18,8.5,80.0,9.41,51.0,35.29,6.0,3.0,0.0,0.0,1.0,9.41,0.0,0.0,47,30,0,9.4
D Wiese,15,307,447,17,82,96,51.17,26.29,8.74,18.06,31.27,47.0,11.0,6.0,6.96,3.0,9.33,8.0,9.23,64,30,0,12.8
D du Preez,2,43,56,4,18,18,7.17,14.0,7.81,10.75,41.86,6.0,1.0,3.0,4.0,1.0,9.33,0.0,13.71,51,30,1,10.2
DA Warner,1,2,2,0,0,1,0.33,2.0,6.0,2.0,50.0,0.0,0.0,0.0,0.0,0.0,6.0,0.0,0.0,2,2,0,6.0
DAJ Bracewell,1,25,32,3,10,11,4.17,10.67,7.68,8.33,44.0,2.0,2.0,0.0,7.0,1.0,6.92,2.0,10.0,32,25,3,7.68
DB Ravi Teja,2,18,28,1,4,4,3.0,28.0,9.33,18.0,22.22,1.0,2.0,0.0,0.0,1.0,9.33,0.0,0.0,28,18,1,9.333333333333334
DE Bollinger,22,487,584,33,213,241,81.17,17.7,7.2,14.76,49.49,60.0,17.0,9.0,7.0,4.0,6.0,20.0,7.74,38,30,4,7.6
DG Nalkande,6,89,150,6,22,29,14.83,25.0,10.11,14.83,32.58,10.0,8.0,0.0,10.15,5.0,9.81,1.0,11.54,45,30,3,9.0
DJ Bravo,138,2828,3784,182,866,1069,471.33,20.79,8.03,15.54,37.8,300.0,133.0,13.0,7.33,68.0,7.47,101.0,9.1,41,30,2,8.2
DJ Harris,2,18,26,0,4,4,3.0,26.0,8.67,18.0,22.22,2.0,1.0,0.0,0.0,0.0,8.0,0.0,10.0,26,18,0,8.666666666666666
DJ Hooda,32,366,513,9,98,113,61.0,57.0,8.41,40.67,30.87,37.0,22.0,2.0,7.68,6.0,8.42,1.0,12.0,41,30,0,8.2
DJ Hussey,26,323,485,10,86,98,53.83,48.5,9.01,32.3,30.34,30.0,25.0,0.0,9.41,8.0,8.03,2.0,15.0,46,30,2,9.200000000000001
DJ Mitchell,4,51,97,1,5,8,8.5,97.0,11.41,51.0,15.69,9.0,4.0,0.0,0.0,1.0,11.41,0.0,0.0,60,30,0,12.0
DJ Muthuswami,6,84,108,4,44,47,14.0,27.0,7.71,21.0,55.95,14.0,3.0,3.0,8.25,0.0,8.0,1.0,1.0,33,30,3,6.6000000000000005
DJ Thornely,4,44,40,3,19,21,7.33,13.33,5.45,14.67,47.73,5.0,0.0,0.0,0.0,3.0,5.45,0.0,0.0,24,30,2,4.800000000000001
DJ Willey,11,221,277,7,79,89,36.83,39.57,7.52,31.57,40.27,28.0,8.0,3.0,6.69,2.0,8.46,2.0,9.92,45,30,2,9.0
DJG Sammy,19,244,354,14,72,82,40.67,25.29,8.7,17.43,33.61,33.0,12.0,1.0,8.16,9.0,8.45,4.0,10.93,50,30,0,10.0
DJM Short,2,18,23,1,7,8,3.0,23.0,7.67,18.0,44.44,1.0,1.0,0.0,0.0,1.0,7.67,0.0,0.0,23,18,1,7.666666666666666
DL Chahar,75,1645,2085,78,674,759,274.17,26.73,7.6,21.09,46.14,237.0,59.0,59.0,7.58,7.0,7.02,12.0,8.76,37,30,1,7.4
DL Vettori,30,689,796,29,234,255,114.83,27.45,6.93,23.76,37.01,59.0,22.0,1.0,6.0,22.0,6.73,6.0,9.07,39,30,1,7.800000000000001
DNT Zoysa,3,69,100,2,24,26,11.5,50.0,8.7,34.5,37.68,12.0,3.0,0.0,7.3,1.0,10.5,1.0,10.2,56,30,1,11.2
DP Nannes,27,645,741,37,273,332,107.5,20.03,6.89,17.43,51.47,79.0,13.0,17.0,5.84,1.0,8.03,19.0,8.12,57,30,1,11.399999999999999
DP Vijaykumar,9,159,205,4,63,74,26.5,51.25,7.74,39.75,46.54,23.0,5.0,3.0,7.27,0.0,6.0,1.0,10.65,49,30,1,9.8
DR Sams,16,389,528,15,142,172,64.83,35.2,8.14,25.93,44.22,41.0,25.0,8.0,6.69,5.0,8.92,2.0,11.51,46,30,1,9.200000000000001
DR Smith,29,362,520,17,111,125,60.33,30.59,8.62,21.29,34.53,49.0,17.0,0.0,12.81,14.0,7.97,3.0,9.8,52,30,2,10.4
DS Kulkarni,70,1410,1915,67,554,648,235.0,28.58,8.15,21.04,45.96,203.0,65.0,30.0,7.51,21.0,8.37,16.0,9.83,54,30,0,10.8
DT Christian,33,617,869,24,187,229,102.83,36.21,8.45,25.71,37.12,77.0,29.0,7.0,8.24,12.0,7.34,5.0,12.77,60,30,1,12.0
DW Steyn,88,2124,2405,97,946,1080,354.0,24.79,6.79,21.9,50.85,260.0,54.0,34.0,6.07,21.0,6.42,42.0,8.67,60,30,1,12.0
F du Plessis,1,6,16,0,0,0,1.0,16.0,16.0,6.0,0.0,0.0,2.0,0.0,0.0,0.0,16.0,0.0,0.0,16,6,0,16.0
FA Allen,4,91,136,2,26,27,15.17,68.0,8.97,45.5,29.67,11.0,7.0,1.0,10.11,1.0,8.67,0.0,0.0,57,30,1,11.399999999999999
FH Edwards,6,150,160,6,70,84,25.0,26.67,6.4,25.0,56.0,20.0,2.0,4.0,4.46,0.0,7.2,2.0,9.38,37,30,2,7.4
FY Fazal,2,12,20,1,1,1,2.0,20.0,10.0,12.0,8.33,1.0,1.0,0.0,0.0,1.0,10.0,0.0,0.0,20,12,1,10.0
Fazalhaq Farooqi,7,162,229,6,56,68,27.0,38.17,8.48,27.0,41.98,28.0,4.0,3.0,7.42,2.0,7.38,1.0,12.53,51,30,1,10.2
G Coetzee,10,216,357,13,71,96,36.0,27.46,9.92,16.62,44.44,33.0,17.0,3.0,9.86,4.0,10.68,6.0,8.23,54,30,1,10.8
GB Hogg,20,454,566,24,154,172,75.67,23.58,7.48,18.92,37.89,36.0,21.0,5.0,6.61,14.0,7.36,5.0,8.56,60,30,0,12.0
GC Viljoen,6,146,229,8,43,55,24.33,28.62,9.41,18.25,37.67,25.0,6.0,3.0,8.92,4.0,7.48,1.0,14.62,64,30,1,12.8
GD McGrath,14,329,366,14,153,166,54.83,26.14,6.67,23.5,50.46,41.0,10.0,9.0,5.79,3.0,7.33,2.0,9.31,53,30,0,10.6
GD Phillips,4,31,40,2,10,11,5.17,20.0,7.74,15.5,35.48,4.0,1.0,1.0,4.0,1.0,8.64,0.0,0.0,39,30,2,7.800000000000001
GH Vihari,6,43,48,1,17,19,7.17,48.0,6.7,43.0,44.19,5.0,1.0,1.0,8.5,0.0,4.42,0.0,0.0,28,30,0,5.6
GHS Garton,5,97,136,3,31,38,16.17,45.33,8.41,32.33,39.18,11.0,6.0,1.0,9.82,1.0,5.05,1.0,6.0,50,30,1,10.0
GJ Maxwell,75,929,1266,40,291,319,154.83,31.65,8.18,23.22,34.34,68.0,73.0,10.0,8.58,27.0,8.03,3.0,8.22,34,30,2,6.8
GR Napier,1,24,28,1,8,9,4.0,28.0,7.0,24.0,37.5,2.0,1.0,0.0,3.0,1.0,8.33,0.0,0.0,28,24,1,7.0
GS Sandhu,2,48,86,1,9,10,8.0,86.0,10.75,48.0,20.83,8.0,2.0,0.0,7.0,0.0,9.67,1.0,12.5,52,30,1,10.4
Gagandeep Singh,4,84,142,3,25,26,14.0,47.33,10.14,28.0,30.95,14.0,6.0,0.0,7.0,2.0,7.9,1.0,18.67,55,30,1,11.0
Gulbadin Naib,1,6,12,0,1,1,1.0,12.0,12.0,6.0,16.67,2.0,0.0,0.0,0.0,0.0,12.0,0.0,0.0,12,6,0,12.0
Gurkeerat Singh,4,62,74,3,20,22,10.33,24.67,7.16,20.67,35.48,6.0,2.0,0.0,9.5,3.0,6.6,0.0,0.0,39,30,1,7.800000000000001
Gurnoor Brar,1,21,42,0,7,9,3.5,42.0,12.0,21.0,42.86,4.0,3.0,0.0,8.31,0.0,18.0,0.0,0.0,42,21,0,12.0
H Sharma,2,30,62,0,2,4,5.0,62.0,12.4,30.0,13.33,6.0,2.0,0.0,0.0,0.0,12.4,0.0,0.0,62,30,0,12.400000000000002
HF Gurney,8,169,239,7,50,57,28.17,34.14,8.49,24.14,33.73,23.0,7.0,2.0,5.66,2.0,7.96,3.0,12.96,45,30,1,9.0
HH Pandya,86,1410,2076,69,461,547,235.0,30.09,8.83,20.43,38.79,185.0,91.0,13.0,8.96,34.0,8.14,22.0,11.68,61,30,0,12.2
HR Shokeen,13,213,320,5,78,89,35.5,64.0,9.01,42.6,41.78,20.0,20.0,2.0,7.31,3.0,9.61,0.0,0.0,50,30,0,10.0
HV Patel,100,2209,3102,147,689,843,368.17,21.1,8.43,15.03,38.16,254.0,122.0,11.0,8.66,62.0,7.78,74.0,9.52,53,30,3,10.6
Harbhajan Singh,147,3216,3811,148,1159,1280,536.0,25.75,7.11,21.73,39.8,276.0,137.0,29.0,7.15,99.0,6.99,20.0,8.41,47,30,0,9.4
Harmeet Singh,25,508,663,25,171,202,84.67,26.52,7.83,20.32,39.76,62.0,18.0,6.0,8.27,13.0,7.42,6.0,8.93,29,30,4,5.8
Harpreet Brar,39,692,907,25,229,252,115.33,36.28,7.86,27.68,36.42,60.0,39.0,0.0,9.6,22.0,7.27,3.0,11.23,66,30,1,13.200000000000001
Harshit Rana,19,403,590,27,148,173,67.17,21.85,8.78,14.93,42.93,52.0,32.0,10.0,8.89,11.0,7.85,6.0,10.15,31,30,2,6.200000000000001
I Malhotra,1,6,23,0,0,0,1.0,23.0,23.0,6.0,0.0,2.0,2.0,0.0,0.0,0.0,23.0,0.0,0.0,23,6,0,23.0
I Sharma,100,2222,2991,87,876,1038,370.33,34.38,8.08,25.54,46.71,334.0,87.0,53.0,7.23,15.0,8.78,19.0,10.52,38,30,3,7.6
I Udana,10,182,286,8,45,57,30.33,35.75,9.43,22.75,31.32,26.0,11.0,2.0,10.95,4.0,8.17,2.0,9.43,47,30,2,9.4
IC Pandey,22,444,559,18,205,222,74.0,31.06,7.55,24.67,50.0,67.0,17.0,11.0,6.7,6.0,8.21,1.0,12.0,42,30,2,8.399999999999999
IC Porel,1,26,42,1,7,12,4.33,42.0,9.69,26.0,46.15,6.0,1.0,0.0,12.0,1.0,7.38,0.0,0.0,42,26,1,9.692307692307693
IK Pathan,90,1885,2414,91,740,847,314.17,26.53,7.68,20.71,44.93,264.0,73.0,29.0,7.01,25.0,7.7,37.0,9.11,58,30,1,11.6
IS Sodhi,8,182,204,9,64,67,30.33,22.67,6.73,20.22,36.81,9.0,8.0,2.0,8.5,7.0,6.43,0.0,36.0,49,30,3,9.8
Imran Tahir,45,1005,1306,62,327,356,167.5,21.06,7.8,16.21,35.42,76.0,60.0,0.0,8.9,44.0,7.65,18.0,8.28,23,30,3,4.6000000000000005
Iqbal Abdulla,39,751,899,38,269,299,125.17,23.66,7.18,19.76,39.81,70.0,32.0,11.0,6.09,23.0,7.45,4.0,8.69,47,30,2,9.4
J Botha,30,612,722,22,217,242,102.0,32.82,7.08,27.82,39.54,51.0,24.0,2.0,8.13,13.0,6.34,7.0,8.33,40,30,1,8.0
J Little,11,236,341,13,82,92,39.33,26.23,8.67,18.15,38.98,30.0,16.0,3.0,9.15,8.0,7.66,2.0,10.0,60,30,4,12.0
J Suchith,21,434,604,20,140,156,72.33,30.2,8.35,21.7,35.94,47.0,26.0,3.0,8.32,16.0,8.18,1.0,13.5,47,30,1,9.4
J Syed Mohammad,10,183,260,9,44,50,30.5,28.89,8.52,20.33,27.32,16.0,10.0,1.0,4.67,8.0,9.06,0.0,6.0,62,30,2,12.400000000000002
J Theron,9,208,274,11,59,77,34.67,24.91,7.9,18.91,37.02,27.0,6.0,2.0,9.24,5.0,6.92,4.0,7.65,45,30,1,9.0
J Yadav,19,374,422,9,145,154,62.33,46.89,6.77,41.56,41.18,30.0,14.0,4.0,7.59,5.0,6.24,0.0,0.0,39,30,0,7.800000000000001
JA Morkel,81,1704,2253,88,607,714,284.0,25.6,7.93,19.36,41.9,247.0,50.0,31.0,8.08,23.0,6.94,34.0,9.34,50,30,2,10.0
JA Richardson,4,94,162,3,30,36,15.67,54.0,10.34,31.33,38.3,12.0,10.0,0.0,10.45,2.0,9.72,1.0,12.46,48,30,0,9.600000000000001
JC Archer,40,987,1210,49,420,480,164.5,24.69,7.36,20.14,48.63,95.0,55.0,17.0,5.71,12.0,6.95,20.0,9.74,40,30,0,8.0
JD Ryder,5,104,121,5,40,45,17.33,24.2,6.98,20.8,43.27,6.0,6.0,0.0,7.0,5.0,6.14,0.0,13.0,33,30,0,6.6000000000000005
JD Unadkat,90,1866,2826,78,547,620,311.0,36.23,9.09,23.92,33.23,233.0,127.0,14.0,7.94,32.0,8.39,32.0,11.89,45,30,0,9.0
JDP Oram,13,232,329,12,77,89,38.67,27.42,8.51,19.33,38.36,32.0,11.0,3.0,8.32,1.0,8.51,8.0,8.76,30,30,0,6.0
JDS Neesham,13,222,342,8,63,74,37.0,42.75,9.24,27.75,33.33,32.0,14.0,1.0,10.86,7.0,8.61,0.0,18.0,37,30,1,7.4
JE Root,1,12,15,0,1,2,2.0,15.0,7.5,12.0,16.67,1.0,0.0,0.0,0.0,0.0,7.5,0.0,0.0,15,12,0,7.5
JEC Franklin,12,111,161,8,28,32,18.5,20.12,8.7,13.88,28.83,14.0,5.0,1.0,10.0,6.0,7.87,1.0,19.0,37,30,4,7.4
JH Kallis,84,1705,2218,68,573,661,284.17,32.62,7.81,25.07,38.77,224.0,53.0,19.0,7.28,27.0,7.49,22.0,9.72,60,30,0,12.0
JJ Bumrah,123,2934,3502,168,1149,1297,489.0,20.85,7.16,17.46,44.21,306.0,104.0,36.0,6.48,51.0,6.8,81.0,8.11,48,30,3,9.600000000000001
JJ van der Wath,3,76,134,3,29,35,12.67,44.67,10.58,25.33,46.05,17.0,6.0,0.0,7.45,1.0,13.89,2.0,12.25,62,30,2,12.400000000000002
JL Pattinson,10,222,321,11,77,87,37.0,29.18,8.68,20.18,39.19,34.0,10.0,4.0,8.36,4.0,8.55,3.0,10.29,73,30,0,14.599999999999998
JM Kemp,5,47,58,3,15,21,7.83,19.33,7.4,15.67,44.68,6.0,1.0,0.0,0.0,3.0,7.43,0.0,6.0,42,30,2,8.399999999999999
JO Holder,45,1036,1475,59,316,386,172.67,25.0,8.54,17.56,37.26,130.0,54.0,12.0,8.55,23.0,7.93,24.0,9.53,68,30,0,13.6
JP Behrendorff,17,379,563,22,139,159,63.17,25.59,8.91,17.23,41.95,55.0,26.0,11.0,8.25,3.0,8.89,8.0,12.12,32,30,0,6.4
JP Duminy,42,613,730,21,205,232,102.17,34.76,7.15,29.19,37.85,44.0,28.0,3.0,7.02,15.0,6.9,3.0,10.31,56,30,1,11.2
JP Faulkner,40,915,1282,57,301,368,152.5,22.49,8.41,16.05,40.22,106.0,49.0,14.0,7.25,12.0,8.02,31.0,9.97,62,30,1,12.400000000000002
JPR Scantlebury-Searles,3,45,89,2,7,10,7.5,44.5,11.87,22.5,22.22,4.0,7.0,0.0,11.14,2.0,12.0,0.0,0.0,64,30,2,12.8
JR Hazlewood,27,622,830,36,259,288,103.67,23.06,8.01,17.28,46.3,83.0,34.0,14.0,7.5,8.0,7.47,14.0,9.62,49,30,0,9.8
JR Hopes,19,344,536,13,96,118,57.33,41.23,9.35,26.46,34.3,43.0,27.0,1.0,8.67,8.0,8.76,4.0,11.45,43,30,0,8.6
JW Hastings,3,61,66,3,31,34,10.17,22.0,6.49,20.33,55.74,11.0,0.0,1.0,7.69,1.0,3.5,1.0,5.4,36,30,1,7.199999999999999
Jalaj S Saxena,1,18,27,0,5,5,3.0,27.0,9.0,18.0,27.78,4.0,0.0,0.0,10.0,0.0,8.5,0.0,0.0,27,18,0,9.0
Jaskaran Singh,7,111,174,6,39,49,18.5,29.0,9.41,18.5,44.14,23.0,4.0,2.0,6.91,1.0,9.79,3.0,13.11,48,30,2,9.600000000000001
Joginder Sharma,15,272,421,13,71,83,45.33,32.38,9.29,20.92,30.51,38.0,17.0,0.0,10.29,10.0,8.74,3.0,10.9,52,30,0,10.4
K Goel,6,67,94,0,19,21,11.17,94.0,8.42,67.0,31.34,9.0,2.0,0.0,0.0,0.0,8.42,0.0,0.0,41,30,0,8.2
K Gowtham,35,599,825,22,206,227,99.83,37.5,8.26,27.23,37.9,68.0,37.0,11.0,8.57,11.0,7.75,0.0,14.5,50,30,0,10.0
K Kartikeya,12,241,334,10,69,81,40.17,33.4,8.32,24.1,33.61,19.0,18.0,1.0,16.0,9.0,7.76,0.0,12.0,44,30,0,8.799999999999999
K Khejroliya,7,129,221,5,32,43,21.5,44.2,10.28,25.8,33.33,14.0,14.0,0.0,12.8,2.0,8.31,3.0,11.82,66,30,2,13.200000000000001
K Rabada,79,1883,2624,123,706,818,313.83,21.33,8.36,15.31,43.44,243.0,106.0,33.0,8.14,36.0,7.78,54.0,9.38,35,30,1,7.0
K Santokie,2,51,91,3,15,19,8.5,30.33,10.71,17.0,37.25,6.0,6.0,1.0,9.3,1.0,7.0,1.0,14.53,58,30,2,11.6
K Yadav,3,54,85,2,13,14,9.0,42.5,9.44,27.0,25.93,6.0,4.0,0.0,8.67,0.0,7.75,2.0,14.0,54,30,2,10.8
KA Jamieson,9,179,271,9,69,79,29.83,30.11,9.08,19.89,44.13,27.0,14.0,4.0,8.37,3.0,8.43,2.0,12.86,50,30,0,10.0
KA Maharaj,2,36,39,2,11,11,6.0,19.5,6.5,18.0,30.56,2.0,1.0,0.0,8.0,2.0,6.2,0.0,0.0,31,30,2,6.200000000000001
KA Pollard,101,1477,2028,76,380,485,246.17,26.68,8.24,19.43,32.84,159.0,69.0,1.0,8.32,54.0,7.88,21.0,10.24,44,30,1,8.799999999999999
KAJ Roach,2,52,80,0,20,24,8.67,80.0,9.23,52.0,46.15,10.0,3.0,0.0,6.32,0.0,6.86,0.0,13.89,57,30,0,11.399999999999999
KC Cariappa,9,182,310,6,46,54,30.33,51.67,10.22,30.33,29.67,20.0,19.0,0.0,13.44,6.0,9.66,0.0,11.0,61,30,0,12.2
KH Pandya,109,2031,2460,76,624,708,338.5,32.37,7.27,26.72,34.86,170.0,77.0,16.0,7.63,48.0,7.12,12.0,7.69,39,30,1,7.800000000000001
KJ Abbott,3,59,114,1,13,17,9.83,114.0,11.59,59.0,28.81,15.0,3.0,0.0,11.25,1.0,12.3,0.0,11.14,69,30,1,13.799999999999999
KK Ahmed,57,1345,1918,78,512,607,224.17,24.59,8.56,17.24,45.13,193.0,80.0,27.0,8.0,18.0,8.08,33.0,10.06,40,30,3,8.0
KK Cooper,23,550,723,35,167,213,91.67,20.66,7.89,15.71,38.73,55.0,20.0,4.0,6.76,12.0,7.55,19.0,8.62,50,30,2,10.0
KL Nagarkoti,11,185,287,5,50,57,30.83,57.4,9.31,37.0,30.81,21.0,14.0,0.0,8.71,4.0,9.82,1.0,6.63,63,30,0,12.600000000000001
KM Asif,7,143,232,7,46,55,23.83,33.14,9.73,20.43,38.46,16.0,14.0,3.0,9.47,4.0,9.04,0.0,14.4,52,30,2,10.4
KMA Paul,8,180,239,10,52,67,30.0,23.9,7.97,18.0,37.22,18.0,8.0,0.0,13.71,6.0,7.0,4.0,10.1,62,30,3,12.400000000000002
KMDN Kulasekara,2,51,48,2,23,28,8.5,24.0,5.65,25.5,54.9,5.0,0.0,0.0,5.56,0.0,8.0,2.0,5.0,32,30,2,6.4
KP Appanna,11,184,237,10,59,64,30.67,23.7,7.73,18.4,34.78,16.0,9.0,0.0,6.86,10.0,7.8,0.0,0.0,60,30,1,12.0
KP Pietersen,12,165,197,9,52,58,27.5,21.89,7.16,18.33,35.15,9.0,8.0,1.0,6.0,7.0,6.99,1.0,9.67,38,30,1,7.6
KR Mayers,6,46,59,0,14,16,7.67,59.0,7.7,46.0,34.78,8.0,0.0,0.0,6.62,0.0,13.71,0.0,0.0,41,30,0,8.2
KR Sen,12,255,396,14,83,101,42.5,28.29,9.32,18.21,39.61,41.0,16.0,2.0,9.0,8.0,8.2,4.0,12.91,60,30,2,12.0
KS Williamson,2,18,31,0,2,2,3.0,31.0,10.33,18.0,11.11,1.0,2.0,0.0,7.0,0.0,12.0,0.0,0.0,31,18,0,10.333333333333334
KT Maphaka,2,39,90,1,11,15,6.5,90.0,13.85,39.0,38.46,12.0,5.0,1.0,12.48,0.0,20.0,0.0,13.5,81,30,1,16.200000000000003
KV Sharma,78,1428,2030,78,446,498,238.0,26.03,8.53,18.31,34.87,111.0,121.0,7.0,7.02,66.0,8.49,5.0,12.58,50,30,1,10.0
KW Richardson,10,228,309,14,85,95,38.0,22.07,8.13,16.29,41.67,29.0,13.0,6.0,5.89,2.0,8.56,6.0,11.81,60,30,2,12.0
Kamran Khan,8,159,201,14,58,76,26.5,14.36,7.58,11.36,47.8,22.0,5.0,6.0,7.29,3.0,6.27,5.0,9.83,43,30,4,8.6
Karanveer Singh,9,213,323,14,64,75,35.5,23.07,9.1,15.21,35.21,19.0,19.0,0.0,13.0,10.0,8.54,4.0,12.0,61,30,1,12.2
Kartik Tyagi,20,458,720,16,148,186,76.33,45.0,9.43,28.62,40.61,71.0,32.0,5.0,9.79,5.0,8.83,6.0,10.0,63,30,0,12.600000000000001
Kuldeep Yadav,78,1690,2289,83,487,546,281.67,27.58,8.13,20.36,32.31,112.0,125.0,0.0,8.25,70.0,8.08,13.0,8.57,55,30,1,11.0
L Ablish,3,45,76,5,10,14,7.5,15.2,10.13,9.0,31.11,11.0,1.0,1.0,13.0,1.0,10.62,3.0,3.43,52,30,2,10.4
L Balaji,68,1468,1969,78,493,587,244.67,25.24,8.05,18.82,39.99,180.0,65.0,15.0,6.82,33.0,7.41,30.0,10.31,59,30,0,11.799999999999999
L Ngidi,14,342,460,28,131,155,57.0,16.43,8.07,12.21,45.32,39.0,22.0,8.0,7.15,7.0,7.6,13.0,9.59,72,30,2,14.399999999999999
L Wood,2,38,94,1,8,11,6.33,94.0,14.84,38.0,28.95,12.0,5.0,0.0,13.0,1.0,11.5,0.0,19.29,81,30,1,16.200000000000003
LA Carseldine,1,7,6,1,4,5,1.17,6.0,5.14,7.0,71.43,1.0,0.0,1.0,5.14,0.0,0.0,0.0,0.0,6,7,1,5.142857142857142
LB Williams,2,42,74,1,12,19,7.0,74.0,10.57,42.0,45.24,7.0,3.0,0.0,11.59,1.0,8.31,0.0,0.0,56,30,1,11.2
LE Plunkett,7,154,228,4,39,46,25.67,57.0,8.88,38.5,29.87,15.0,12.0,1.0,9.82,1.0,8.69,2.0,8.23,47,30,0,9.4
LH Ferguson,41,915,1355,52,311,361,152.5,26.06,8.89,17.6,39.45,133.0,56.0,16.0,8.59,19.0,8.09,17.0,10.51,54,30,1,10.8
LI Meriwala,1,19,32,1,6,6,3.17,32.0,10.11,19.0,31.58,4.0,1.0,0.0,12.92,1.0,4.0,0.0,0.0,32,19,1,10.105263157894736
LMP Simmons,1,18,34,1,2,2,3.0,34.0,11.33,18.0,11.11,2.0,2.0,0.0,0.0,1.0,13.0,0.0,8.0,34,18,1,11.333333333333332
LPC Silva,1,6,21,0,0,0,1.0,21.0,21.0,6.0,0.0,0.0,3.0,0.0,0.0,0.0,0.0,0.0,21.0,21,6,0,21.0
LR Shukla,27,326,458,17,109,127,54.33,26.94,8.43,19.18,38.96,39.0,16.0,0.0,11.33,9.0,7.84,8.0,9.26,54,30,1,10.8
LRPL Taylor,2,13,24,0,0,1,2.17,24.0,11.08,13.0,7.69,0.0,2.0,0.0,0.0,0.0,11.08,0.0,0.0,24,13,0,11.076923076923077
LS Livingstone,22,267,395,11,71,81,44.5,35.91,8.88,24.27,30.34,32.0,17.0,1.0,5.67,10.0,9.02,0.0,12.0,37,30,1,7.4
Lalit Yadav,19,294,430,11,82,91,49.0,39.09,8.78,26.73,30.95,26.0,24.0,2.0,9.49,8.0,8.3,1.0,10.15,84,30,0,16.799999999999997
M Ashwin,34,722,937,28,228,262,120.33,33.46,7.79,25.79,36.29,67.0,38.0,2.0,8.13,22.0,7.77,4.0,7.47,56,30,0,11.2
M Jansen,21,487,732,22,176,218,81.17,33.27,9.02,22.14,44.76,69.0,32.0,14.0,8.23,6.0,9.96,2.0,12.22,66,30,1,13.200000000000001
M Kartik,36,783,927,30,252,289,130.5,30.9,7.1,26.1,36.91,65.0,24.0,4.0,8.06,22.0,6.86,4.0,8.4,52,30,1,10.4
M Markande,37,737,1081,37,210,234,122.83,29.22,8.8,19.92,31.75,75.0,58.0,0.0,0.0,36.0,8.78,1.0,9.2,60,30,3,12.0
M Morkel,60,1472,1799,79,632,719,245.33,22.77,7.33,18.63,48.85,189.0,52.0,32.0,6.76,14.0,7.38,33.0,8.83,44,30,2,8.799999999999999
M Muralitharan,59,1421,1571,63,536,625,236.83,24.94,6.63,22.56,43.98,96.0,55.0,3.0,6.74,47.0,6.42,13.0,8.25,35,30,1,7.0
M Ntini,9,213,257,8,99,110,35.5,32.12,7.24,26.62,51.64,29.0,8.0,5.0,6.91,0.0,6.75,3.0,9.29,28,30,0,5.6
M Pathirana,19,481,595,36,154,222,80.17,16.53,7.42,13.36,46.15,47.0,14.0,0.0,0.0,12.0,6.86,24.0,8.1,47,30,3,9.4
M Prasidh Krishna,51,1231,1741,54,475,566,205.17,32.24,8.49,22.8,45.98,197.0,56.0,16.0,7.73,15.0,8.09,23.0,10.09,47,30,1,9.4
M Shahrukh Khan,2,12,16,0,3,4,2.0,16.0,8.0,12.0,33.33,0.0,1.0,0.0,0.0,0.0,9.0,0.0,7.0,16,12,0,8.0
M Siddharth,3,58,72,1,22,24,9.67,72.0,7.45,58.0,41.38,6.0,2.0,1.0,7.27,0.0,9.0,0.0,0.0,31,30,0,6.200000000000001
M Theekshana,26,607,777,23,183,201,101.17,33.78,7.68,26.39,33.11,53.0,29.0,7.0,8.22,8.0,7.65,8.0,5.9,29,30,0,5.8
M Vijay,4,37,49,0,8,9,6.17,49.0,7.95,37.0,24.32,6.0,0.0,0.0,6.86,0.0,8.2,0.0,0.0,35,30,0,7.0
M de Lange,4,89,137,3,31,37,14.83,45.67,9.24,29.67,41.57,16.0,4.0,0.0,7.91,1.0,9.16,2.0,11.54,33,30,2,6.6000000000000005
MA Khote,2,30,52,2,5,6,5.0,26.0,10.4,15.0,20.0,4.0,2.0,0.0,0.0,1.0,9.33,1.0,12.0,52,30,2,10.4
MA Starc,39,879,1175,59,334,408,146.5,19.92,8.02,14.9,46.42,124.0,31.0,20.0,7.84,9.0,7.21,30.0,8.83,32,30,4,6.4
MA Wood,5,127,192,11,47,61,21.17,17.45,9.07,11.55,48.03,13.0,12.0,2.0,9.23,3.0,6.43,6.0,12.27,44,30,3,8.799999999999999
MB Parmar,1,19,33,0,4,5,3.17,33.0,10.42,19.0,26.32,6.0,0.0,0.0,12.0,0.0,9.5,0.0,0.0,33,19,0,10.421052631578949
MC Henriques,50,833,1110,41,266,299,138.83,27.07,8.0,20.32,35.89,106.0,32.0,8.0,7.87,30.0,7.93,3.0,9.31,23,30,3,4.6000000000000005
MF Maharoof,20,441,532,33,165,196,73.5,16.12,7.24,13.36,44.44,46.0,16.0,11.0,7.23,12.0,6.17,10.0,9.45,47,30,0,9.4
MG Bracewell,5,66,95,6,26,26,11.0,15.83,8.64,11.0,39.39,7.0,6.0,3.0,6.5,3.0,9.11,0.0,0.0,38,30,3,7.6
MG Johnson,49,1177,1597,54,481,558,196.17,29.57,8.14,21.8,47.41,178.0,53.0,25.0,7.72,8.0,8.05,21.0,9.28,44,30,0,8.799999999999999
MG Neser,1,25,62,0,5,5,4.17,62.0,14.88,25.0,20.0,6.0,4.0,0.0,18.0,0.0,9.43,0.0,16.5,62,25,0,14.879999999999999
MJ Henry,6,105,183,3,31,36,17.5,61.0,10.46,35.0,34.29,16.0,10.0,1.0,9.87,0.0,13.5,2.0,8.0,56,30,0,11.2
MJ McClenaghan,47,1127,1526,66,421,499,187.83,23.12,8.12,17.08,44.28,147.0,59.0,28.0,7.41,14.0,8.47,24.0,9.39,27,30,0,5.4
MJ Santner,18,370,428,16,134,140,61.67,26.75,6.94,23.12,37.84,36.0,11.0,2.0,7.59,13.0,6.78,1.0,1.0,40,30,2,8.0
MJ Suthar,1,12,26,0,4,4,2.0,26.0,13.0,12.0,33.33,1.0,3.0,0.0,13.0,0.0,0.0,0.0,0.0,26,12,0,13.0
MK Lomror,11,94,127,2,22,26,15.67,63.5,8.11,47.0,27.66,8.0,5.0,1.0,5.5,1.0,8.49,0.0,0.0,51,30,1,10.2
MK Tiwary,6,45,83,1,9,12,7.5,83.0,11.07,45.0,26.67,2.0,7.0,0.0,0.0,0.0,10.31,1.0,12.92,49,30,0,9.8
MM Ali,51,746,887,38,255,274,124.33,23.34,7.13,19.63,36.73,38.0,48.0,1.0,5.62,35.0,7.26,2.0,6.6,48,30,0,9.600000000000001
MM Patel,56,1235,1566,73,531,570,205.83,21.45,7.61,16.92,46.15,171.0,50.0,25.0,7.15,28.0,6.34,20.0,10.97,44,30,0,8.799999999999999
MM Sharma,102,2115,3036,135,723,788,352.5,22.49,8.61,15.67,37.26,299.0,115.0,32.0,8.01,37.0,7.92,66.0,10.1,44,30,3,8.799999999999999
MP Stoinis,58,767,1209,42,203,244,127.83,28.79,9.46,18.26,31.81,95.0,58.0,7.0,9.04,20.0,8.73,15.0,12.48,48,30,1,9.600000000000001
MP Yadav,4,76,88,8,39,44,12.67,11.0,6.95,9.5,57.89,11.0,3.0,2.0,9.5,5.0,6.57,1.0,0.0,46,30,1,9.200000000000001
MR Marsh,19,330,472,19,93,120,55.0,24.84,8.58,17.37,36.36,46.0,15.0,3.0,7.7,11.0,7.79,5.0,11.82,57,30,1,11.399999999999999
MS Gony,40,843,1206,35,316,364,140.5,34.46,8.58,24.09,43.18,122.0,49.0,18.0,8.52,13.0,7.88,4.0,11.6,53,30,2,10.6
MW Short,3,25,25,0,11,12,4.17,25.0,6.0,25.0,48.0,2.0,1.0,0.0,6.46,0.0,5.5,0.0,0.0,25,25,0,6.0
Mandeep Singh,2,12,26,0,1,1,2.0,26.0,13.0,12.0,8.33,1.0,2.0,0.0,0.0,0.0,13.0,0.0,0.0,26,12,0,13.0
Mashrafe Mortaza,1,28,59,1,6,10,4.67,59.0,12.64,28.0,35.71,4.0,4.0,0.0,12.0,0.0,0.0,1.0,13.2,59,28,1,12.642857142857142
Mayank Dagar,8,138,205,2,43,45,23.0,102.5,8.91,69.0,32.61,14.0,11.0,0.0,14.5,2.0,8.23,0.0,12.0,67,30,0,13.4
Mohammad Asif,8,199,307,9,64,77,33.17,34.11,9.26,22.11,38.69,37.0,8.0,3.0,9.38,1.0,7.67,5.0,10.71,47,30,2,9.4
Mohammad Hafeez,4,63,71,2,22,28,10.5,35.5,6.76,31.5,44.44,5.0,2.0,0.0,0.0,2.0,6.76,0.0,0.0,48,30,1,9.600000000000001
Mohammad Nabi,22,401,509,15,138,146,66.83,33.93,7.62,26.73,36.41,32.0,25.0,7.0,6.31,6.0,8.35,2.0,10.0,59,30,2,11.799999999999999
Mohammed Shami,104,2400,3276,137,952,1080,400.0,23.91,8.19,17.52,45.0,340.0,117.0,50.0,7.29,22.0,8.04,65.0,10.51,61,30,1,12.2
Mohammed Siraj,91,2033,2819,92,791,955,338.83,30.64,8.32,22.1,46.97,266.0,124.0,37.0,8.11,19.0,7.62,36.0,9.32,37,30,2,7.4
Mohit Rathee,1,12,29,0,3,3,2.0,29.0,14.5,12.0,25.0,3.0,2.0,0.0,0.0,0.0,14.5,0.0,0.0,29,12,0,14.5
Mohsin Khan,23,507,698,27,209,233,84.5,25.85,8.26,18.78,45.96,61.0,35.0,11.0,7.75,6.0,7.34,10.0,10.0,56,30,1,11.2
Monu Kumar,1,16,20,0,4,7,2.67,20.0,7.5,16.0,43.75,2.0,0.0,0.0,5.25,0.0,9.75,0.0,0.0,20,16,0,7.5
Mujeeb Ur Rahman,19,452,598,20,147,170,75.33,29.9,7.94,22.6,37.61,39.0,25.0,5.0,7.06,10.0,7.81,5.0,10.96,43,30,2,8.6
Mukesh Choudhary,14,298,452,16,120,139,49.67,28.25,9.1,18.62,46.64,49.0,20.0,11.0,8.68,3.0,8.09,2.0,12.14,64,30,0,12.8
Mukesh Kumar,20,420,707,31,130,157,70.0,22.81,10.1,13.55,37.38,75.0,32.0,5.0,9.23,10.0,10.42,16.0,10.65,36,30,4,7.199999999999999
Mustafizur Rahman,53,1267,1708,67,429,500,211.17,25.49,8.09,18.91,39.46,159.0,56.0,14.0,7.07,18.0,7.38,35.0,9.47,22,30,1,4.3999999999999995
N Burger,5,105,152,7,46,53,17.5,21.71,8.69,15.0,50.48,16.0,7.0,4.0,10.16,2.0,8.5,1.0,4.11,28,30,2,5.6
N Rana,24,185,253,10,58,64,30.83,25.3,8.21,18.5,34.59,27.0,7.0,0.0,8.88,8.0,8.34,2.0,6.75,58,30,1,11.6
N Thushara,7,172,259,8,49,66,28.67,32.38,9.03,21.5,38.37,25.0,10.0,6.0,8.89,0.0,7.76,2.0,10.08,36,30,3,7.199999999999999
N Wadhera,1,12,13,0,2,2,2.0,13.0,6.5,12.0,16.67,1.0,0.0,0.0,0.0,0.0,6.5,0.0,0.0,13,12,0,6.5
NA Saini,1,15,35,0,2,3,2.5,35.0,14.0,15.0,20.0,3.0,2.0,0.0,0.0,0.0,9.0,0.0,19.71,35,15,0,14.0
ND Doshi,3,49,64,1,20,21,8.17,64.0,7.84,49.0,42.86,3.0,5.0,0.0,9.0,0.0,8.71,1.0,1.0,48,30,1,9.600000000000001
NLTC Perera,18,372,534,16,121,138,62.0,33.38,8.61,23.25,37.1,59.0,15.0,3.0,7.52,5.0,7.62,8.0,11.11,48,30,0,9.600000000000001
NM Coulter-Nile,35,832,1022,50,346,393,138.67,20.44,7.37,16.64,47.24,109.0,30.0,14.0,6.47,14.0,7.25,22.0,8.88,59,30,0,11.799999999999999
NT Ellis,16,365,514,19,112,127,60.83,27.05,8.45,19.21,34.79,43.0,20.0,4.0,6.93,10.0,7.82,5.0,11.45,30,30,2,6.0
Naman Dhir,3,29,55,0,3,4,4.83,55.0,11.38,29.0,13.79,5.0,2.0,0.0,6.0,0.0,12.78,0.0,0.0,55,29,0,11.379310344827587
Navdeep Saini,31,682,968,26,272,307,113.67,37.23,8.52,26.23,45.01,103.0,38.0,9.0,8.22,5.0,8.6,12.0,8.93,55,30,3,11.0
Naveen-ul-Haq,17,407,602,26,133,157,67.83,23.15,8.87,15.65,38.57,54.0,24.0,6.0,9.6,9.0,7.16,11.0,9.49,65,30,2,13.0
Nithish Kumar Reddy,9,118,208,4,29,39,19.67,52.0,10.58,29.5,33.05,14.0,14.0,0.0,8.84,3.0,10.62,1.0,14.25,73,30,1,14.599999999999998
Noor Ahmad,23,513,672,24,171,198,85.5,28.0,7.86,21.38,38.6,49.0,27.0,1.0,7.78,19.0,7.88,4.0,7.64,41,30,1,8.2
O Thomas,4,63,85,5,17,24,10.5,17.0,8.1,12.6,38.1,9.0,1.0,2.0,9.41,1.0,4.5,2.0,7.71,37,30,4,7.4
OC McCoy,8,180,255,11,49,69,30.0,23.18,8.5,16.36,38.33,20.0,9.0,0.0,7.0,3.0,8.91,8.0,8.2,42,30,0,8.399999999999999
OF Smith,6,95,179,7,35,40,15.83,25.57,11.31,13.57,42.11,12.0,16.0,1.0,7.0,2.0,11.79,4.0,13.8,55,30,4,11.0
P Amarnath,6,132,241,7,29,34,22.0,34.43,10.95,18.86,25.76,29.0,7.0,0.0,12.0,7.0,10.4,0.0,21.0,63,30,1,12.600000000000001
P Awana,30,701,971,39,257,292,116.83,24.9,8.31,17.97,41.65,100.0,33.0,14.0,8.05,11.0,7.37,14.0,10.62,60,30,1,12.0
P Dubey,4,67,91,1,20,21,11.17,91.0,8.15,67.0,31.34,6.0,5.0,0.0,0.0,1.0,8.15,0.0,0.0,44,30,1,8.799999999999999
P Kumar,91,2062,2617,80,835,977,343.67,32.71,7.61,25.78,47.38,254.0,88.0,31.0,6.63,17.0,8.54,32.0,9.64,51,30,1,10.2
P Negi,36,621,846,34,189,213,103.5,24.88,8.17,18.26,34.3,53.0,41.0,3.0,10.4,23.0,7.92,8.0,9.73,53,30,0,10.6
P Parameswaran,3,62,89,5,23,27,10.33,17.8,8.61,12.4,43.55,9.0,3.0,1.0,4.0,1.0,9.0,3.0,10.8,28,30,3,5.6
P Ray Barman,1,24,56,0,2,2,4.0,56.0,14.0,24.0,8.33,3.0,4.0,0.0,0.0,0.0,14.0,0.0,0.0,56,24,0,14.0
P Sahu,3,58,84,2,14,16,9.67,42.0,8.69,29.0,27.59,3.0,5.0,0.0,0.0,2.0,8.69,0.0,0.0,43,30,1,8.6
P Suyal,5,107,154,2,36,48,17.83,77.0,8.64,53.5,44.86,16.0,5.0,1.0,8.58,1.0,7.45,0.0,11.54,45,30,0,9.0
PC Valthaty,9,140,190,7,41,45,23.33,27.14,8.14,20.0,32.14,13.0,7.0,0.0,0.0,5.0,8.08,2.0,8.77,35,30,1,7.0
PD Collingwood,6,90,101,5,24,25,15.0,20.2,6.73,18.0,27.78,4.0,3.0,0.0,0.0,2.0,7.15,3.0,4.94,38,30,1,7.6
PH Solanki,2,36,39,2,11,12,6.0,19.5,6.5,18.0,33.33,1.0,2.0,0.0,0.0,1.0,6.0,1.0,7.5,33,30,2,6.6000000000000005
PJ Cummins,54,1277,1846,59,439,514,212.83,31.29,8.67,21.64,40.25,174.0,73.0,20.0,8.26,23.0,8.02,16.0,10.48,42,30,2,8.399999999999999
PJ Sangwan,35,770,1035,38,266,325,128.33,27.24,8.06,20.26,42.21,97.0,33.0,10.0,7.85,23.0,7.71,5.0,10.69,39,30,1,7.800000000000001
PM Sarvesh Kumar,2,31,42,1,11,12,5.17,42.0,8.13,31.0,38.71,7.0,0.0,0.0,6.86,1.0,8.5,0.0,0.0,41,30,1,8.2
PP Chawla,180,3664,4901,192,1244,1317,610.67,25.53,8.03,19.08,35.94,361.0,210.0,20.0,7.85,145.0,7.89,27.0,9.94,38,30,4,7.6
PP Ojha,84,1822,2256,91,612,695,303.67,24.79,7.43,20.02,38.14,139.0,88.0,6.0,8.22,68.0,7.15,17.0,8.9,57,30,1,11.399999999999999
PV Tambe,25,559,684,23,176,200,93.17,29.74,7.34,24.3,35.78,48.0,21.0,2.0,8.42,20.0,6.94,1.0,11.4,45,30,1,9.0
PVD Chameera,13,297,442,11,122,141,49.5,40.18,8.93,27.0,47.47,51.0,18.0,7.0,8.47,1.0,7.24,3.0,11.91,84,30,0,16.799999999999997
PWH de Silva,26,557,758,36,202,214,92.83,21.06,8.17,15.47,38.42,43.0,49.0,4.0,9.9,24.0,8.02,8.0,7.38,61,30,2,12.2
Pankaj Singh,17,311,472,11,111,125,51.83,42.91,9.11,28.27,40.19,52.0,17.0,8.0,7.55,2.0,9.46,1.0,13.6,41,30,2,8.2
Parvez Rasool,8,152,207,3,45,48,25.33,69.0,8.17,50.67,31.58,14.0,10.0,1.0,8.5,2.0,8.02,0.0,0.0,41,30,0,8.2
R Ashwin,186,4219,4917,178,1391,1577,703.17,27.62,6.99,23.7,37.38,287.0,184.0,47.0,6.72,112.0,6.92,19.0,8.7,45,30,2,9.0
R Bhatia,72,1301,1635,70,345,388,216.83,23.36,7.54,18.59,29.82,109.0,49.0,0.0,12.5,52.0,7.37,18.0,8.59,47,30,0,9.4
R Dhawan,34,650,874,26,192,233,108.33,33.62,8.07,25.0,35.85,68.0,26.0,5.0,8.29,17.0,7.51,4.0,10.7,55,30,0,11.0
R Goyal,1,24,34,0,6,7,4.0,34.0,8.5,24.0,29.17,1.0,2.0,0.0,0.0,0.0,8.5,0.0,0.0,34,24,0,8.5
R McLaren,17,354,532,13,108,136,59.0,40.92,9.02,27.23,38.42,64.0,11.0,4.0,8.49,3.0,8.67,6.0,10.66,78,30,3,15.600000000000001
R Ninan,2,36,65,3,8,8,6.0,21.67,10.83,12.0,22.22,3.0,5.0,0.0,0.0,3.0,10.83,0.0,0.0,55,30,2,11.0
R Parag,21,181,307,5,36,42,30.17,61.4,10.18,36.2,23.2,19.0,17.0,1.0,10.0,4.0,9.96,0.0,15.43,50,30,1,10.0
R Powell,2,21,35,1,4,7,3.5,35.0,10.0,21.0,33.33,2.0,2.0,0.0,0.0,1.0,9.0,0.0,12.0,35,21,1,10.0
R Rampaul,11,253,298,15,116,131,42.17,19.87,7.07,16.87,51.78,24.0,13.0,9.0,5.69,2.0,7.26,4.0,11.72,35,30,2,7.0
R Ravindra,2,12,7,0,5,5,2.0,7.0,3.5,12.0,41.67,0.0,0.0,0.0,0.0,0.0,3.5,0.0,0.0,7,12,0,3.5
R Sai Kishore,10,191,259,13,56,62,31.83,19.92,8.14,14.69,32.46,13.0,15.0,1.0,9.5,10.0,7.05,2.0,16.42,65,30,2,13.0
R Sanjay Yadav,1,14,23,0,6,8,2.33,23.0,9.86,14.0,57.14,3.0,1.0,0.0,8.0,0.0,11.25,0.0,0.0,23,14,0,9.857142857142858
R Sathish,12,120,202,4,26,32,20.0,50.5,10.1,30.0,26.67,17.0,9.0,0.0,0.0,3.0,9.08,1.0,18.46,64,30,0,12.8
R Sharma,8,162,235,7,49,54,27.0,33.57,8.7,23.14,33.33,11.0,16.0,0.0,3.0,7.0,8.54,0.0,13.5,62,30,0,12.400000000000002
R Shepherd,8,133,260,6,38,48,22.17,43.33,11.73,22.17,36.09,22.0,17.0,2.0,8.88,2.0,11.32,2.0,17.1,60,30,0,12.0
R Shukla,7,130,217,7,38,53,21.67,31.0,10.02,18.57,40.77,21.0,9.0,4.0,8.62,1.0,9.96,2.0,13.64,69,30,1,13.799999999999999
R Tewatia,51,848,1103,36,254,282,141.33,30.64,7.8,23.56,33.25,54.0,60.0,0.0,9.0,32.0,7.84,4.0,6.46,39,30,0,7.800000000000001
R Vinay Kumar,85,1777,2542,98,609,672,296.17,25.94,8.58,18.13,37.82,239.0,91.0,26.0,7.51,28.0,8.09,44.0,10.6,75,30,2,15.0
RA Jadeja,167,3066,3851,143,960,1036,511.0,26.93,7.54,21.44,33.79,224.0,163.0,4.0,7.92,118.0,7.41,21.0,8.72,56,30,0,11.2
RA Shaikh,1,6,11,0,1,1,1.0,11.0,11.0,6.0,16.67,2.0,0.0,0.0,11.0,0.0,0.0,0.0,0.0,11,6,0,11.0
RD Chahar,75,1651,2106,74,558,601,275.17,28.46,7.65,22.31,36.4,136.0,94.0,3.0,7.81,63.0,7.57,8.0,8.84,44,30,1,8.799999999999999
RE van der Merwe,19,412,478,20,131,150,68.67,23.9,6.96,20.6,36.41,24.0,16.0,4.0,9.47,13.0,6.33,3.0,9.06,26,30,1,5.2
RG More,2,37,63,1,4,7,6.17,63.0,10.22,37.0,18.92,5.0,1.0,0.0,15.0,1.0,9.3,0.0,9.27,54,30,0,10.8
RG Sharma,32,349,462,16,88,104,58.17,28.88,7.94,21.81,29.8,29.0,14.0,2.0,7.7,12.0,7.74,2.0,10.06,42,30,1,8.399999999999999
RJ Gleeson,2,51,72,1,19,24,8.5,72.0,8.47,51.0,47.06,7.0,3.0,1.0,9.16,0.0,7.58,0.0,8.77,48,30,0,9.600000000000001
RJ Harris,34,788,1001,43,328,379,131.33,23.28,7.62,18.33,48.1,111.0,25.0,14.0,6.4,6.0,7.88,23.0,9.68,41,30,0,8.2
RJ Peterson,4,48,70,3,21,21,8.0,23.33,8.75,16.0,43.75,5.0,5.0,0.0,5.0,3.0,8.0,0.0,20.0,54,30,2,10.8
RJW Topley,5,107,182,5,38,43,17.83,36.4,10.21,21.4,40.19,21.0,9.0,2.0,8.57,1.0,10.0,2.0,13.68,82,30,1,16.4
RN ten Doeschate,8,71,84,3,19,24,11.83,28.0,7.1,23.67,33.8,4.0,3.0,0.0,0.0,3.0,6.75,0.0,10.29,34,30,2,6.8
RP Meredith,18,415,621,21,147,181,69.17,29.57,8.98,19.76,43.61,63.0,26.0,2.0,8.32,8.0,8.27,11.0,10.83,64,30,1,12.8
RP Singh,62,1434,1891,80,556,658,239.0,23.64,7.91,17.92,45.89,203.0,54.0,26.0,7.09,7.0,8.18,47.0,9.27,63,30,0,12.600000000000001
RR Bhatkal,1,12,35,0,0,0,2.0,35.0,17.5,12.0,0.0,2.0,3.0,0.0,20.0,0.0,15.0,0.0,0.0,35,12,0,17.5
RR Bose,1,12,24,0,5,5,2.0,24.0,12.0,12.0,41.67,5.0,0.0,0.0,12.0,0.0,0.0,0.0,0.0,24,12,0,12.0
RR Powar,21,371,426,13,144,169,61.83,32.77,6.89,28.54,45.55,33.0,12.0,6.0,6.76,7.0,6.96,0.0,0.0,53,30,0,10.6
RR Raje,10,144,214,7,39,45,24.0,30.57,8.92,20.57,31.25,23.0,4.0,0.0,7.71,7.0,8.19,0.0,11.8,47,30,1,9.4
RS Bopara,14,213,301,13,61,73,35.5,23.15,8.48,16.38,34.27,25.0,10.0,0.0,0.0,11.0,8.14,2.0,10.17,47,30,2,9.4
RS Gavaskar,1,6,8,0,2,2,1.0,8.0,8.0,6.0,33.33,1.0,0.0,0.0,0.0,0.0,8.0,0.0,0.0,8,6,0,8.0
RS Hangargekar,2,43,60,3,14,21,7.17,20.0,8.37,14.33,48.84,6.0,2.0,1.0,9.0,1.0,9.6,1.0,6.4,45,30,1,9.0
RV Patel,1,20,22,0,5,7,3.33,22.0,6.6,20.0,35.0,2.0,0.0,0.0,0.0,0.0,6.6,0.0,0.0,22,20,0,6.6000000000000005
RW Price,1,18,33,0,1,1,3.0,33.0,11.0,18.0,5.56,2.0,2.0,0.0,14.0,0.0,9.5,0.0,0.0,33,18,0,11.0
Ramandeep Singh,4,45,64,6,12,18,7.5,10.67,8.53,7.5,40.0,5.0,3.0,0.0,0.0,3.0,9.0,3.0,7.76,48,30,4,9.600000000000001
Rashid Khan,117,2805,3251,148,1021,1101,467.5,21.97,6.95,18.95,39.25,213.0,126.0,14.0,8.19,106.0,6.65,28.0,7.79,51,30,2,10.2
Rasikh Salam,11,207,341,9,56,68,34.5,37.89,9.88,23.0,32.85,25.0,20.0,0.0,9.6,6.0,9.74,3.0,10.39,43,30,2,8.6
Ravi Bishnoi,65,1460,1861,68,492,554,243.33,27.37,7.65,21.47,37.95,134.0,77.0,3.0,8.22,57.0,7.41,8.0,10.45,43,30,2,8.6
S Aravind,30,606,839,41,218,246,101.0,20.46,8.31,14.78,40.59,88.0,28.0,19.0,7.58,11.0,9.19,11.0,9.37,56,30,1,11.2
S Badree,9,197,237,7,85,95,32.83,33.86,7.22,28.14,48.22,17.0,11.0,4.0,7.16,3.0,7.32,0.0,0.0,50,30,0,10.0
S Dhawan,5,43,63,3,14,18,7.17,21.0,8.79,14.33,41.86,5.0,3.0,1.0,10.33,2.0,7.68,0.0,0.0,47,30,2,9.4
S Dube,14,117,190,6,23,31,19.5,31.67,9.74,19.5,26.5,13.0,8.0,0.0,0.0,3.0,9.0,3.0,11.35,70,30,1,14.0
S Gopal,50,982,1339,53,313,329,163.67,25.26,8.18,18.53,33.5,76.0,74.0,8.0,7.95,44.0,8.24,1.0,7.2,48,30,3,9.600000000000001
S Joseph,1,30,51,0,9,17,5.0,51.0,10.2,30.0,56.67,4.0,2.0,0.0,10.12,0.0,10.29,0.0,0.0,51,30,0,10.2
S Kaul,51,1146,1638,56,362,406,191.0,29.25,8.58,20.46,35.43,156.0,59.0,13.0,8.87,18.0,7.97,25.0,9.18,54,30,0,10.8
S Ladda,7,122,191,5,44,47,20.33,38.2,9.39,24.4,38.52,10.0,15.0,1.0,10.5,1.0,9.0,3.0,10.25,47,30,1,9.4
S Lamichhane,9,211,297,14,75,78,35.17,21.21,8.45,15.07,36.97,21.0,17.0,5.0,8.67,9.0,7.85,0.0,19.0,49,30,2,9.8
S Midhun,1,13,29,0,3,5,2.17,29.0,13.38,13.0,38.46,2.0,2.0,0.0,0.0,0.0,13.38,0.0,0.0,29,13,0,13.384615384615385
S Nadeem,60,1221,1516,47,375,408,203.5,32.26,7.45,25.98,33.42,90.0,61.0,8.0,7.98,37.0,7.18,2.0,9.95,47,30,1,9.4
S Narwal,6,113,203,6,37,45,18.83,33.83,10.78,18.83,39.82,17.0,13.0,4.0,9.22,0.0,12.0,2.0,16.5,63,30,1,12.600000000000001
S Rana,2,12,16,0,3,3,2.0,16.0,8.0,12.0,25.0,2.0,0.0,0.0,0.0,0.0,8.0,0.0,0.0,16,12,0,8.0
S Randiv,7,156,200,8,49,55,26.0,25.0,7.69,19.5,35.26,19.0,4.0,0.0,9.0,6.0,7.25,2.0,11.0,32,30,1,6.4
S Sandeep Warrier,10,176,257,8,72,82,29.33,32.12,8.76,22.0,46.59,25.0,14.0,8.0,8.83,0.0,8.44,0.0,0.0,43,30,2,8.6
S Sreesanth,34,724,971,36,298,351,120.67,26.97,8.05,20.11,48.48,107.0,29.0,22.0,7.41,7.0,7.84,7.0,12.0,36,30,0,7.199999999999999
S Sriram,2,18,49,0,2,2,3.0,49.0,16.33,18.0,11.11,4.0,4.0,0.0,0.0,0.0,16.33,0.0,0.0,49,18,0,16.333333333333336
S Tyagi,14,220,304,6,93,109,36.67,50.67,8.29,36.67,49.55,34.0,12.0,5.0,8.07,1.0,6.91,0.0,14.77,44,30,1,8.799999999999999
S Vidyut,1,13,22,1,5,6,2.17,22.0,10.15,13.0,46.15,1.0,2.0,0.0,0.0,1.0,10.15,0.0,0.0,22,13,1,10.153846153846153
SA Abbott,3,59,104,1,13,18,9.83,104.0,10.58,59.0,30.51,13.0,3.0,1.0,10.65,0.0,8.86,0.0,15.43,49,30,1,9.8
SA Yadav,1,6,8,0,2,2,1.0,8.0,8.0,6.0,33.33,1.0,0.0,0.0,8.0,0.0,0.0,0.0,0.0,8,6,0,8.0
SB Bangar,9,153,221,6,55,60,25.5,36.83,8.67,25.5,39.22,24.0,7.0,2.0,4.33,4.0,8.62,0.0,13.33,64,30,0,12.8
SB Jakati,44,862,1140,46,275,300,143.67,24.78,7.94,18.74,34.8,75.0,48.0,1.0,7.16,41.0,7.68,4.0,13.02,53,30,0,10.6
SB Joshi,4,55,82,1,18,18,9.17,82.0,8.95,55.0,32.73,6.0,5.0,0.0,0.0,1.0,8.67,0.0,24.0,49,30,1,9.8
SB Styris,11,222,278,9,83,91,37.0,30.89,7.51,24.67,40.99,19.0,14.0,1.0,6.0,5.0,7.2,3.0,10.14,45,30,3,9.0
SB Wagh,1,6,16,1,2,2,1.0,16.0,16.0,6.0,33.33,4.0,0.0,1.0,16.0,0.0,0.0,0.0,0.0,16,6,1,16.0
SC Ganguly,16,219,273,9,65,73,36.5,30.33,7.48,24.33,33.33,18.0,10.0,0.0,10.11,9.0,7.23,0.0,0.0,52,30,0,10.4
SC Kuggeleijn,2,50,71,2,17,19,8.33,35.5,8.52,25.0,38.0,6.0,3.0,0.0,11.0,0.0,8.53,2.0,7.92,35,30,1,7.0
SD Chitnis,2,38,62,2,9,13,6.33,31.0,9.79,19.0,34.21,4.0,3.0,0.0,11.14,1.0,10.0,1.0,7.71,49,30,2,9.8
SE Bond,8,191,225,9,75,81,31.83,25.0,7.07,21.22,42.41,27.0,3.0,4.0,6.2,3.0,6.0,2.0,9.32,31,30,2,6.200000000000001
SE Rutherford,6,46,60,1,7,13,7.67,60.0,7.83,46.0,28.26,4.0,1.0,0.0,0.0,1.0,8.49,0.0,2.4,37,30,1,7.4
SH Johnson,5,99,155,4,34,38,16.5,38.75,9.39,24.75,38.38,16.0,7.0,1.0,8.84,1.0,11.03,2.0,7.75,51,30,1,10.2
SJ Srivastava,12,260,390,11,83,106,43.33,35.45,9.0,23.64,40.77,42.0,13.0,5.0,8.95,5.0,8.15,1.0,11.53,49,30,3,9.8
SK Raina,55,717,877,29,218,253,119.5,30.24,7.34,24.72,35.29,53.0,35.0,1.0,3.0,20.0,7.15,8.0,8.71,49,30,1,9.8
SK Trivedi,69,1422,1787,63,453,528,237.0,28.37,7.54,22.57,37.13,143.0,48.0,7.0,8.74,43.0,7.0,13.0,9.73,30,30,1,6.0
SK Warne,52,1175,1418,56,405,450,195.83,25.32,7.24,20.98,38.3,86.0,56.0,1.0,9.1,46.0,6.83,9.0,10.05,41,30,1,8.2
SL Malinga,111,2695,3175,170,1035,1224,449.17,18.68,7.07,15.85,45.42,284.0,81.0,35.0,6.21,38.0,7.33,97.0,7.85,63,30,2,12.600000000000001
SM Curran,58,1234,1924,62,378,446,205.67,31.03,9.35,19.9,36.14,186.0,81.0,12.0,8.06,14.0,10.22,36.0,10.7,53,30,3,10.6
SM Harwood,3,67,74,3,33,41,11.17,24.67,6.63,22.33,61.19,6.0,2.0,1.0,2.21,1.0,8.79,1.0,7.8,34,30,0,6.8
SM Pollock,13,280,307,13,130,136,46.67,23.62,6.58,21.54,48.57,30.0,9.0,9.0,6.14,4.0,7.83,0.0,0.0,32,30,1,6.4
SMSM Senanayake,7,171,189,8,66,71,28.5,23.62,6.63,21.38,41.52,16.0,5.0,3.0,5.08,4.0,10.0,1.0,7.5,29,30,2,5.8
SN Khan,1,2,6,0,0,0,0.33,6.0,18.0,2.0,0.0,1.0,0.0,0.0,0.0,0.0,0.0,0.0,18.0,6,2,0,18.0
SN Thakur,80,1740,2589,87,554,678,290.0,29.76,8.93,20.0,38.97,235.0,107.0,18.0,8.94,30.0,8.12,39.0,9.97,69,30,2,13.799999999999999
SP Narine,164,3881,4390,189,1458,1577,646.83,23.23,6.79,20.53,40.63,282.0,160.0,27.0,6.74,98.0,6.39,64.0,8.18,28,30,3,5.6
SR Tendulkar,4,37,59,0,4,6,6.17,59.0,9.57,37.0,16.22,6.0,1.0,0.0,0.0,0.0,9.57,0.0,0.0,53,30,0,10.6
SR Watson,92,1849,2405,91,702,826,308.17,26.43,7.8,20.32,44.67,260.0,67.0,33.0,7.18,20.0,7.28,38.0,9.53,42,30,0,8.399999999999999
SS Cottrell,6,131,177,6,58,70,21.83,29.5,8.11,21.83,53.44,19.0,8.0,4.0,7.04,0.0,6.3,2.0,15.16,74,30,0,14.8
SS Iyer,1,6,7,0,4,4,1.0,7.0,7.0,6.0,66.67,0.0,1.0,0.0,0.0,0.0,0.0,0.0,7.0,7,6,0,7.0
SS Sarkar,2,25,34,1,4,4,4.17,34.0,8.16,25.0,16.0,4.0,0.0,0.0,15.0,0.0,5.5,1.0,6.86,34,25,1,8.16
SSB Magala,2,37,52,1,5,7,6.17,52.0,8.43,37.0,18.92,5.0,0.0,0.0,14.0,1.0,5.68,0.0,6.0,36,30,1,7.199999999999999
ST Jayasuriya,21,301,396,16,83,93,50.17,24.75,7.89,18.81,30.9,22.0,16.0,0.0,10.0,13.0,7.38,3.0,10.71,33,30,0,6.6000000000000005
STR Binny,54,490,608,24,156,176,81.67,25.33,7.44,20.42,35.92,60.0,10.0,8.0,7.1,13.0,7.26,3.0,10.33,34,30,1,6.8
SW Tait,18,463,592,22,168,243,77.17,26.91,7.67,21.05,52.48,65.0,10.0,6.0,6.8,4.0,8.24,12.0,8.84,55,30,0,11.0
SZ Mulani,2,33,57,0,7,10,5.5,57.0,10.36,33.0,30.3,2.0,4.0,0.0,12.0,0.0,7.58,0.0,15.75,55,30,0,11.0
Sachin Baby,1,6,4,1,2,2,1.0,4.0,4.0,6.0,33.33,0.0,0.0,0.0,0.0,1.0,4.0,0.0,0.0,4,6,1,4.0
Sandeep Sharma,118,2745,3538,142,1053,1177,457.5,24.92,7.73,19.33,42.88,340.0,124.0,58.0,6.93,35.0,7.71,49.0,10.16,38,30,3,7.6
Shahbaz Ahmed,42,549,850,21,142,160,91.5,40.48,9.29,26.14,29.14,53.0,48.0,2.0,9.59,15.0,9.23,4.0,8.21,40,30,3,8.0
Shahid Afridi,10,185,237,9,57,70,30.83,26.33,7.69,20.56,37.84,19.0,7.0,1.0,6.24,6.0,8.09,2.0,6.63,28,30,0,5.6
Shakib Al Hasan,63,1370,1695,61,448,495,228.33,27.79,7.42,22.46,36.13,106.0,71.0,16.0,7.5,35.0,7.05,10.0,9.65,48,30,0,9.600000000000001
Shashank Singh,3,19,25,1,2,3,3.17,25.0,7.89,19.0,15.79,2.0,0.0,0.0,0.0,1.0,7.89,0.0,0.0,25,19,1,7.894736842105264
Shivam Mavi,32,687,958,33,254,300,114.5,29.03,8.37,20.82,43.67,92.0,38.0,9.0,8.12,9.0,7.09,15.0,10.11,55,30,1,11.0
Shivam Sharma,5,114,165,4,37,37,19.0,41.25,8.68,28.5,32.46,9.0,10.0,0.0,0.0,4.0,8.75,0.0,8.33,57,30,1,11.399999999999999
Shoaib Ahmed,7,103,154,5,33,36,17.17,30.8,8.97,20.6,34.95,14.0,7.0,1.0,12.33,4.0,7.37,0.0,20.0,59,30,2,11.799999999999999
Shoaib Akhtar,3,46,54,5,23,27,7.67,10.8,7.04,9.2,58.7,6.0,2.0,5.0,7.04,0.0,0.0,0.0,0.0,47,30,1,9.4
Shoaib Malik,5,58,87,2,15,23,9.67,43.5,9.0,29.0,39.66,7.0,3.0,0.0,0.0,2.0,8.5,0.0,11.4,47,30,1,9.4
Sikandar Raza,7,88,146,3,21,26,14.67,48.67,9.95,29.33,29.55,15.0,4.0,0.0,12.92,3.0,9.44,0.0,0.0,51,30,1,10.2
Simarjeet Singh,10,193,265,10,82,97,32.17,26.5,8.24,19.3,50.26,25.0,12.0,3.0,8.34,6.0,7.58,1.0,10.0,42,30,2,8.399999999999999
Sohail Tanvir,11,265,275,24,121,148,44.17,11.46,6.23,11.04,55.85,27.0,7.0,6.0,5.96,0.0,5.71,18.0,6.73,47,30,1,9.4
Sumit Kumar,2,22,38,0,4,6,3.67,38.0,10.36,22.0,27.27,3.0,2.0,0.0,0.0,0.0,10.0,0.0,12.0,38,22,0,10.363636363636363
Sunny Gupta,1,19,47,0,0,1,3.17,47.0,14.84,19.0,5.26,4.0,3.0,0.0,12.0,0.0,16.15,0.0,0.0,47,19,0,14.842105263157896
Suyash Sharma,13,264,381,11,85,93,44.0,34.64,8.66,24.0,35.23,27.0,20.0,3.0,7.33,7.0,8.68,1.0,9.6,57,30,0,11.399999999999999
Swapnil Singh,12,147,221,6,35,37,24.5,36.83,9.02,24.5,25.17,14.0,11.0,5.0,8.65,1.0,9.17,0.0,0.0,40,30,1,8.0
T Henderson,2,36,41,1,14,15,6.0,41.0,6.83,36.0,41.67,5.0,0.0,0.0,0.0,1.0,4.33,0.0,9.33,35,30,0,7.0
T Natarajan,58,1345,1920,74,407,491,224.17,25.95,8.57,18.18,36.51,174.0,72.0,17.0,8.09,14.0,7.55,43.0,10.03,40,30,1,8.0
T Shamsi,3,72,125,1,13,14,12.0,125.0,10.42,72.0,19.44,8.0,7.0,0.0,0.0,1.0,9.5,0.0,15.0,50,30,0,10.0
T Stubbs,3,25,29,4,9,10,4.17,7.25,6.96,6.25,40.0,2.0,1.0,0.0,0.0,4.0,6.96,0.0,0.0,29,25,4,6.959999999999999
T Thushara,6,144,164,10,57,67,24.0,16.4,6.83,14.4,46.53,15.0,4.0,3.0,5.71,1.0,4.35,6.0,10.98,34,30,1,6.8
TA Boult,101,2377,3206,126,967,1082,396.17,25.44,8.09,18.87,45.52,364.0,104.0,62.0,6.99,18.0,8.79,46.0,10.52,49,30,3,9.8
TG Southee,48,1116,1568,52,396,467,186.0,30.15,8.43,21.46,41.85,155.0,55.0,19.0,7.78,10.0,7.55,23.0,10.17,65,30,1,13.0
TK Curran,13,252,432,13,57,70,42.0,33.23,10.29,19.38,27.78,33.0,23.0,1.0,9.14,5.0,8.56,7.0,12.66,45,30,3,9.0
TL Suman,10,140,182,6,40,41,23.33,30.33,7.8,23.33,29.29,8.0,9.0,0.0,0.0,4.0,6.99,2.0,11.52,38,30,0,7.6
TM Dilshan,22,232,305,4,67,71,38.67,76.25,7.89,58.0,30.6,21.0,13.0,0.0,7.69,4.0,7.71,0.0,13.71,51,30,0,10.2
TM Head,4,41,84,2,8,8,6.83,42.0,12.29,20.5,19.51,4.0,7.0,0.0,0.0,2.0,12.29,0.0,0.0,69,30,2,13.799999999999999
TP Sudhindra,3,74,137,1,18,22,12.33,137.0,11.11,74.0,29.73,9.0,9.0,0.0,9.23,1.0,10.88,0.0,14.62,57,30,0,11.399999999999999
TS Mills,10,218,349,11,69,84,36.33,31.73,9.61,19.82,38.53,37.0,14.0,6.0,8.15,1.0,10.45,4.0,10.36,67,30,0,13.4
TU Deshpande,35,825,1274,46,279,352,137.5,27.7,9.27,17.93,42.67,123.0,56.0,15.0,8.32,10.0,9.87,21.0,10.49,56,30,1,11.2
Tilak Varma,4,23,28,0,8,9,3.83,28.0,7.3,23.0,39.13,4.0,0.0,0.0,7.0,0.0,6.0,0.0,12.0,28,23,0,7.304347826086957
UT Yadav,135,2958,4092,156,1108,1286,493.0,26.23,8.3,18.96,43.48,443.0,135.0,59.0,7.53,45.0,8.07,52.0,10.54,48,30,2,9.600000000000001
Umar Gul,6,153,198,14,51,73,25.5,14.14,7.76,10.93,47.71,17.0,5.0,5.0,6.0,4.0,7.57,5.0,9.65,36,30,4,7.199999999999999
Umran Malik,26,519,785,31,205,241,86.5,25.32,9.08,16.74,46.44,93.0,29.0,0.0,17.81,26.0,8.27,5.0,10.53,75,30,0,15.0
V Kaverappa,1,24,36,2,11,11,4.0,18.0,9.0,12.0,45.83,2.0,3.0,2.0,6.67,0.0,16.0,0.0,0.0,36,24,2,9.0
V Kohli,24,244,344,4,47,58,40.67,86.0,8.46,61.0,23.77,23.0,10.0,0.0,0.0,3.0,7.98,1.0,16.29,63,30,1,12.600000000000001
V Pratap Singh,8,187,268,10,61,71,31.17,26.8,8.6,18.7,37.97,27.0,9.0,3.0,8.73,3.0,8.26,4.0,9.0,32,30,3,6.4
V Sehwag,14,132,227,6,41,43,22.0,37.83,10.32,22.0,32.58,17.0,16.0,0.0,20.14,5.0,8.83,1.0,12.6,51,30,0,10.2
V Shankar,22,258,344,12,80,97,43.0,28.67,8.0,21.5,37.6,29.0,12.0,0.0,7.64,10.0,8.27,2.0,6.63,49,30,2,9.8
V Viyaskanth,3,60,90,1,16,19,10.0,90.0,9.0,60.0,31.67,4.0,6.0,0.0,0.0,1.0,9.0,0.0,0.0,55,30,1,11.0
VG Arora,20,418,598,20,144,183,69.67,29.9,8.58,20.9,43.78,66.0,19.0,12.0,8.09,2.0,10.54,6.0,9.51,38,30,1,7.6
VR Aaron,47,1009,1432,46,373,463,168.17,31.13,8.52,21.93,45.89,147.0,50.0,15.0,8.26,18.0,7.75,13.0,11.17,48,30,2,9.600000000000001
VR Iyer,9,84,145,3,15,20,14.0,48.33,10.36,28.0,23.81,12.0,7.0,0.0,0.0,2.0,9.9,1.0,11.71,74,30,0,14.8
VRV Singh,18,371,549,16,114,128,61.83,34.31,8.88,23.19,34.5,58.0,16.0,1.0,10.07,4.0,8.3,11.0,8.97,69,30,0,13.799999999999999
VS Malik,13,212,268,6,84,94,35.33,44.67,7.58,35.33,44.34,30.0,6.0,4.0,7.25,2.0,7.92,0.0,10.29,46,30,1,9.200000000000001
VS Yeligati,2,32,61,0,6,10,5.33,61.0,11.44,32.0,31.25,7.0,2.0,0.0,13.0,0.0,10.5,0.0,13.0,60,30,0,12.0
VY Mahesh,16,345,487,21,114,136,57.5,23.19,8.47,16.43,39.42,44.0,19.0,4.0,10.9,7.0,7.58,10.0,8.28,41,30,2,8.2
Vijaykumar Vyshak,11,243,396,17,63,75,40.5,23.29,9.78,14.29,30.86,32.0,21.0,2.0,9.0,11.0,9.53,4.0,12.2,45,30,4,9.0
Vivrant Sharma,2,21,37,0,5,7,3.5,37.0,10.57,21.0,33.33,1.0,3.0,0.0,0.0,0.0,10.57,0.0,0.0,37,21,0,10.571428571428571
WA Mota,7,75,98,4,24,27,12.5,24.5,7.84,18.75,36.0,4.0,5.0,0.0,0.0,4.0,5.9,0.0,17.08,50,30,2,10.0
WD Parnell,15,347,472,16,137,159,57.83,29.5,8.16,21.69,45.82,51.0,18.0,8.0,7.96,2.0,8.55,6.0,8.29,52,30,0,10.4
WG Jacks,5,55,100,2,11,12,9.17,50.0,10.91,27.5,21.82,6.0,7.0,1.0,8.5,1.0,12.77,0.0,0.0,63,30,1,12.600000000000001
WPUJC Vaas,13,288,364,22,128,138,48.0,16.55,7.58,13.09,47.92,40.0,13.0,17.0,6.33,1.0,8.77,4.0,11.76,37,30,1,7.4
Washington Sundar,48,882,1146,30,275,288,147.0,38.2,7.8,29.4,32.65,73.0,52.0,9.0,8.81,20.0,7.05,1.0,13.29,73,30,1,14.599999999999998
Y Nagar,6,58,100,4,15,17,9.67,25.0,10.34,14.5,29.31,9.0,5.0,0.0,10.0,4.0,10.38,0.0,0.0,54,30,1,10.8
Y Prithvi Raj,2,33,57,1,8,11,5.5,57.0,10.36,33.0,33.33,6.0,2.0,0.0,15.23,1.0,7.2,0.0,0.0,50,30,1,10.0
Y Venugopal Rao,19,216,324,7,56,63,36.0,46.29,9.0,30.86,29.17,30.0,11.0,1.0,8.83,5.0,8.48,1.0,14.0,54,30,0,10.8
YA Abdulla,11,222,311,15,88,104,37.0,20.73,8.41,14.8,46.85,32.0,13.0,7.0,6.94,2.0,8.72,6.0,10.24,56,30,1,11.2
YBK Jaiswal,1,1,6,0,0,0,0.17,6.0,36.0,1.0,0.0,0.0,1.0,0.0,0.0,0.0,0.0,0.0,36.0,6,1,0,36.0
YK Pathan,75,1079,1326,38,355,413,179.83,34.89,7.37,28.39,38.28,94.0,51.0,14.0,6.65,21.0,7.55,3.0,12.2,46,30,1,9.200000000000001
YS Chahal,151,3463,4452,204,1145,1291,577.17,21.82,7.71,16.98,37.28,260.0,213.0,15.0,7.81,156.0,7.5,33.0,9.31,43,30,0,8.6
Yash Dayal,28,615,933,31,216,257,102.5,30.1,9.1,19.84,41.79,96.0,38.0,13.0,9.06,7.0,8.43,11.0,9.78,57,30,1,11.399999999999999
Yash Thakur,19,432,702,27,128,164,72.0,26.0,9.75,16.0,37.96,56.0,39.0,7.0,9.23,5.0,9.87,15.0,9.91,75,30,1,15.0
Yudhvir Singh,5,74,125,4,28,32,12.33,31.25,10.14,18.5,43.24,14.0,5.0,3.0,9.36,1.0,9.0,0.0,14.5,63,30,1,12.600000000000001
Yuvraj Singh,48,555,723,24,155,175,92.5,30.12,7.82,23.12,31.53,39.0,30.0,0.0,0.0,20.0,7.79,4.0,8.09,51,30,2,10.2
Z Khan,88,2017,2538,107,787,904,336.17,23.72,7.55,18.85,44.82,284.0,58.0,51.0,6.57,17.0,8.91,39.0,8.99,40,30,2,8.0
